btc_open,btc_high,btc_low,btc_close,btc_volume,btc_trade_count,btc_vwap,btc_timestamp
29255.71,29682.29,28707.56,29676.79,848.87403,29639.0,29316.4446253671,2021-01-01
29678.34,34200.0,29555.99,33769.52,2144.592516,60152.0,31941.4126941485,2021-01-02
33769.52,34812.93,32300.61,32908.02,1838.695433,58725.0,33505.2694743146,2021-01-03
32907.36,33496.03,27900.0,30441.57,2711.189503,69226.0,31267.9651212849,2021-01-04
30461.84,35851.42,29927.55,35063.0,1756.751333,61880.0,33151.367357435,2021-01-05
35088.23,37810.0,33700.0,37485.27,1897.568734,65199.0,35720.8257623383,2021-01-06
37486.29,40410.02,35936.73,38009.79,2710.620043,71413.0,38472.947353316,2021-01-07
38018.16,41999.0,37595.44,39379.24,2199.033127,75991.0,40360.7053809145,2021-01-08
39301.47,41446.85,38789.12,40547.42,1133.603814,48582.0,40539.8998452685,2021-01-09
40544.78,41150.0,33550.0,34860.75,2961.388435,86949.0,37212.3525958163,2021-01-10
34883.83,36357.78,30365.5,35892.58,3881.031504,87384.0,33212.9555519558,2021-01-11
35894.6,36610.52,32357.25,33284.02,2034.619943,50604.0,34297.4111917937,2021-01-12
33284.04,38181.93,33160.88,37546.57,1929.205192,40059.0,36015.5417091478,2021-01-13
37549.9,40100.0,37460.29,37800.02,1282.270458,44296.0,38915.8477255186,2021-01-14
37800.02,38745.3,34362.01,35859.45,1604.522965,60017.0,36425.7469747331,2021-01-15
35865.83,37954.56,35370.0,35562.63,902.572116,39218.0,36598.4210029095,2021-01-16
35558.07,36846.47,33850.0,35349.37,883.104108,42277.0,35366.998907141,2021-01-17
35341.8,37434.5,35069.0,36312.15,824.678591,39735.0,36441.8224072149,2021-01-18
36310.33,37866.15,34779.05,35505.69,972.825907,40583.0,36460.0254787249,2021-01-19
35505.69,35942.45,33433.2,34569.16,1008.849125,47808.0,34702.3845290783,2021-01-20
34569.19,34997.39,28951.58,31795.0,3123.308189,59444.0,31209.4890407082,2021-01-21
31824.6,33868.4,30444.19,33384.16,1036.631931,29527.0,32386.6623369003,2021-01-22
33397.09,33490.65,31418.57,32872.34,539.931189,16527.0,32295.9264613691,2021-01-23
32894.73,33809.56,30950.03,33324.95,680.291359,19663.0,32357.4026120559,2021-01-24
33350.0,34888.0,31421.89,32097.0,831.863898,30365.0,33221.8352800401,2021-01-25
32080.13,32968.54,30852.0,31548.05,722.496795,38710.0,31917.0838405603,2021-01-26
31553.56,32010.0,29256.82,31778.65,1583.715237,55651.0,30695.3851616367,2021-01-27
31794.12,34400.0,30840.9,33045.47,1510.908261,57765.0,32993.1854724404,2021-01-28
33055.88,38673.14,31977.13,33517.18,2694.9827,84881.0,35658.5751865803,2021-01-29
33517.18,34836.61,33143.57,33761.43,728.078992,27302.0,34080.9319294976,2021-01-30
33773.39,34219.1,32200.0,33787.13,806.918374,38182.0,33109.9199200823,2021-01-31
33787.67,34707.6,33136.11,34009.33,959.144331,33983.0,33855.9906033151,2021-02-01
34027.73,36916.24,33954.16,36510.08,1091.302183,41032.0,35385.1568917138,2021-02-02
36506.68,38431.27,35561.35,37646.6,1120.459803,47786.0,37171.8727806135,2021-02-03
37634.49,38747.61,36182.22,37108.52,1591.085136,62831.0,37463.575276583,2021-02-04
37102.75,39699.95,37070.01,39051.0,1153.670297,55838.0,38439.0877929464,2021-02-05
39054.2,41019.93,38000.0,38571.85,1238.672877,63997.0,39759.6085362744,2021-02-06
38565.36,39736.17,37383.51,38700.0,932.225474,46244.0,38455.8146087919,2021-02-07
38712.8,47500.0,38658.96,46964.37,2876.161989,91292.0,44010.7643101578,2021-02-08
46957.6,48203.13,45040.0,46166.35,1420.610386,59671.0,46688.8856975675,2021-02-09
46168.8,47371.09,43750.0,44675.1,1361.970634,75486.0,45149.5100956754,2021-02-10
44697.12,48969.45,44444.48,47289.12,1765.386034,74578.0,47523.8885871809,2021-02-11
47289.12,48224.1,46231.52,47960.94,934.058092,47008.0,47576.8770363007,2021-02-12
47960.94,48997.7,46285.0,48938.82,804.437966,50609.0,47401.9828129884,2021-02-13
48942.87,49730.0,45691.42,46773.29,1209.900633,58594.0,48092.3803525264,2021-02-14
46765.0,49975.0,46727.34,49185.11,1035.488307,50751.0,48356.0764758609,2021-02-15
49168.5,50623.0,47800.0,49711.98,1299.085662,55997.0,49134.450058717,2021-02-16
49720.34,52644.51,49630.0,52200.0,1447.308943,62122.0,51387.1771693447,2021-02-17
52194.82,52278.77,50732.0,51506.26,1033.457996,47199.0,51582.939694832,2021-02-18
51512.1,56615.62,51487.36,55683.65,1706.062977,68586.0,54712.9769557792,2021-02-19
55691.78,57572.0,54000.0,56570.0,1134.234493,59786.0,56300.5506790763,2021-02-20
56570.0,58355.03,55156.52,55865.52,1002.137833,53708.0,56973.7596113858,2021-02-21
55894.74,56640.28,47303.68,49950.09,2826.614714,91474.0,52444.3479411674,2021-02-22
49950.08,51399.11,45000.0,50217.25,3008.961804,87743.0,48072.8337042073,2021-02-23
50211.36,51402.65,48054.15,50440.62,1427.023642,49672.0,49852.2863307269,2021-02-24
50430.78,52050.0,45297.57,45499.29,1623.067066,55787.0,48589.9018823092,2021-02-25
45499.3,48446.11,44112.21,47791.28,1253.167996,56794.0,46659.6318673615,2021-02-26
47799.99,48375.86,44239.59,44803.83,947.264824,43837.0,46329.7320871413,2021-02-27
44821.68,46999.68,43020.0,46235.25,1329.783722,40946.0,44785.2471060397,2021-02-28
46235.25,50273.12,45688.43,48703.55,1387.380036,45199.0,48610.3767690108,2021-03-01
48703.02,49745.32,47067.99,49132.93,782.046938,30823.0,48355.0734626017,2021-03-02
49146.59,52644.44,49001.58,49708.29,1503.190121,43767.0,50848.5697223988,2021-03-03
49699.49,50771.99,46256.38,47143.6,1248.700148,41360.0,48209.9219492012,2021-03-04
47155.97,49472.53,46436.91,48450.01,965.82272,30954.0,48206.513601204,2021-03-05
48481.8,49912.09,47074.63,49364.28,636.939124,23429.0,48629.7984624976,2021-03-06
49364.28,51831.9,49091.4,50807.58,845.934967,30972.0,50718.5548226538,2021-03-07
50800.02,54421.44,49329.8,54281.56,1007.561091,35670.0,52008.9096685571,2021-03-08
54254.01,55835.43,53038.45,53657.62,1145.798874,39495.0,54323.5325882784,2021-03-09
53674.83,57418.6,53536.53,55241.5,1038.171332,43219.0,56065.6760280092,2021-03-10
55241.5,58172.9,54275.5,57182.06,991.725718,39534.0,56922.2464984086,2021-03-11
57166.16,57737.63,55051.0,56764.86,843.906824,32803.0,56631.3602133575,2021-03-12
56745.29,61790.24,56497.11,61027.96,1037.456482,45248.0,60101.9297916888,2021-03-13
61000.01,61082.89,58658.03,59765.08,759.19615,34231.0,59951.2311075709,2021-03-14
59734.18,59930.47,53223.0,54406.38,1684.637332,64312.0,55982.4613896178,2021-03-15
54398.29,57189.78,53550.0,55583.84,878.705334,49147.0,55660.7958796642,2021-03-16
55566.58,59555.0,54111.95,58814.92,1082.85383,56244.0,57148.6436032525,2021-03-17
58818.6,60099.0,56240.5,57882.46,798.5158,45154.0,58182.1497842653,2021-03-18
57882.45,59455.07,57489.99,58232.18,592.509607,35256.0,58592.8316826119,2021-03-19
58215.62,59944.61,56754.44,56933.15,563.571496,34280.0,58619.6138118612,2021-03-20
56900.18,58146.89,55509.0,57600.0,598.563919,38049.0,56997.4287186087,2021-03-21
57600.0,58427.14,53707.5,54424.88,1014.364672,50967.0,55589.5339438885,2021-03-22
54424.02,55839.36,53000.0,54101.73,942.099039,42132.0,54538.0283464136,2021-03-23
54119.51,57190.63,51500.27,52253.12,1324.833236,59897.0,54208.8498236584,2021-03-24
52247.21,53231.67,50411.0,52709.82,1166.755824,51657.0,51844.2365323277,2021-03-25
52713.85,55582.55,52413.1,55010.74,947.150454,38461.0,53881.603186394,2021-03-26
54985.38,56610.0,53962.32,56262.79,624.446485,30004.0,55539.4585973985,2021-03-27
56269.39,56526.55,54698.57,55309.43,468.542315,27381.0,55595.089943668,2021-03-28
55294.61,58400.0,54900.7,57550.48,850.558602,40527.0,57382.8412339559,2021-03-29
57550.47,59405.87,57360.29,58758.08,589.789997,32480.0,58757.8723923452,2021-03-30
58758.0,59817.86,56800.0,58895.03,903.132496,41245.0,58673.580213236,2021-03-31
58895.5,60250.0,57908.54,59537.23,734.952428,39904.0,58980.0395847376,2021-04-01
59549.26,59719.33,58440.32,59401.97,469.544635,28460.0,59193.041177029,2021-04-02
59401.97,59796.56,56382.48,57579.19,765.320142,36330.0,57987.4174318318,2021-04-03
57575.46,58508.0,57058.82,57310.41,431.529377,24448.0,57843.0474423787,2021-04-04
57310.2,59499.0,56819.12,58807.07,618.376235,32945.0,58521.102992212,2021-04-05
58807.07,59000.0,57215.98,57637.49,720.147641,39888.0,58013.6719348533,2021-04-06
57646.46,58629.96,55437.11,56907.02,1478.267739,58616.0,56613.783071826,2021-04-07
56903.0,58400.0,56349.51,58193.36,617.531782,34513.0,57600.0586868357,2021-04-08
58193.36,61171.56,57647.49,61010.95,848.30995,41227.0,58883.4831819736,2021-04-09
61010.95,61250.0,58301.85,59868.55,876.234976,40666.0,60063.990386909,2021-04-10
59861.83,60568.65,59160.77,60051.19,498.996196,29347.0,59751.4238166618,2021-04-11
60079.24,61210.99,59362.91,60517.63,969.46444,44072.0,60263.121956336,2021-04-12
60560.18,64293.06,60422.3,64286.05,1360.040619,67025.0,62772.4087401794,2021-04-13
64286.05,64967.23,61208.0,62965.16,1623.438848,69977.0,63098.5416609551,2021-04-14
62965.16,63866.3,61627.36,61695.13,840.557082,53260.0,62853.4823672693,2021-04-15
61711.46,62561.4,60062.94,62271.48,1349.795389,72080.0,61460.5015140809,2021-04-16
62269.52,62500.0,51722.01,55000.0,1772.171548,83598.0,58035.2438698969,2021-04-17
55000.0,57401.64,53150.39,57052.0,2484.20005,96172.0,55443.8066456326,2021-04-18
57052.0,57600.0,53520.66,55319.44,2420.555737,88292.0,55529.4379322257,2021-04-19
55320.0,57117.1,53415.7,55431.8,2014.26823,85035.0,55753.2275976146,2021-04-20
55431.79,56379.97,52600.0,54266.55,1701.800968,83303.0,54726.7806786391,2021-04-21
54276.69,55459.57,48500.0,49147.47,2739.831835,111778.0,52294.1996076741,2021-04-22
49132.2,51366.08,47475.0,50480.93,1910.420791,89916.0,49688.6340006587,2021-04-23
50473.23,51079.24,48721.97,49656.48,1016.284477,51532.0,50001.4303284686,2021-04-24
49679.19,52801.01,47011.0,52347.01,1843.711059,79643.0,49743.1428558145,2021-04-25
52364.01,54413.68,52129.54,53527.55,1310.491523,63501.0,53520.820091867,2021-04-26
53528.84,55781.09,53489.22,54881.73,990.784933,63410.0,54929.9353743315,2021-04-27
54886.13,56491.0,53580.0,53607.03,916.780184,58370.0,54770.5533093085,2021-04-28
53607.03,54748.49,52352.95,54179.29,871.856003,52777.0,53557.2074492597,2021-04-29
54176.58,58526.98,53954.85,58141.4,1312.256321,69901.0,56745.0743360366,2021-04-30
58118.48,58472.0,56231.63,56948.84,581.582432,44066.0,57534.2231985499,2021-05-01
56948.96,58316.94,56084.56,57846.84,683.703283,42949.0,57005.7195239867,2021-05-02
57852.4,58978.28,54687.64,55860.24,1230.697383,69971.0,57065.198058138,2021-05-03
55860.7,56649.91,52946.9,54545.41,1585.145509,90988.0,54800.189209954,2021-05-04
54565.1,57997.16,53965.2,57011.83,1390.516232,84915.0,56614.7086094667,2021-05-05
57016.22,58431.01,55263.11,55871.7,1296.601255,80837.0,56604.6111480314,2021-05-06
55860.64,58719.85,55624.46,58118.42,1137.77739,82535.0,57435.0300465292,2021-05-07
58118.42,59549.79,57548.69,58202.85,1478.502303,74346.0,58729.6429174718,2021-05-08
58196.56,59586.81,56272.77,59240.0,937.35951,60839.0,57952.4804152987,2021-05-09
59240.0,59500.0,53617.27,55374.76,1791.919874,95324.0,56488.8993197797,2021-05-10
55385.29,58043.47,54655.65,57414.82,905.824264,62503.0,56276.2705813176,2021-05-11
57421.48,57564.84,46302.22,50514.88,2870.355314,130452.0,52092.7376776479,2021-05-12
50491.12,51413.21,47017.23,49222.32,2757.745797,113807.0,49358.725895436,2021-05-13
49254.58,51566.38,48925.0,49367.79,1327.351552,73078.0,50250.7151238531,2021-05-14
49355.88,49777.45,46499.0,48101.33,1447.561285,88475.0,48158.7432861909,2021-05-15
48099.99,49788.77,42200.0,43584.9,2957.116291,123002.0,45746.4511526523,2021-05-16
43584.77,45822.27,42136.12,45358.15,2801.327096,131985.0,44032.5822384528,2021-05-17
45361.33,45836.18,38500.0,39310.0,3200.405284,124809.0,42182.4982711498,2021-05-18
39302.06,40767.57,30125.0,39477.17,6907.211148,218854.0,37466.5854275355,2021-05-19
39475.19,42529.81,38209.65,40018.57,3879.508331,161203.0,40587.8775011455,2021-05-20
40020.27,41772.79,33511.02,36349.98,4944.887341,160455.0,37542.5971935797,2021-05-21
36347.23,38871.0,35262.75,37226.41,2630.089345,121041.0,37538.0958005395,2021-05-22
37231.65,37352.79,31120.0,34935.48,5220.765007,150788.0,34088.7875450339,2021-05-23
34926.53,39987.11,34822.07,38402.96,3213.149693,148603.0,37851.7281045631,2021-05-24
38426.0,39729.52,36497.88,39440.94,2286.924128,119471.0,38061.7223553747,2021-05-25
39427.86,40878.61,37195.49,37780.18,2768.343992,111576.0,39039.2451946449,2021-05-26
37788.05,40425.27,37292.94,37367.39,2137.787424,94227.0,38844.0893913513,2021-05-27
37357.7,37600.88,34711.85,35735.61,3810.201591,132806.0,36143.8405998229,2021-05-28
35728.19,37307.84,33428.38,34754.31,3191.975308,119590.0,34761.0924263192,2021-05-29
34754.28,36526.68,34185.6,34487.56,1761.283682,77255.0,35559.5395262053,2021-05-30
34491.04,37900.0,34221.83,36754.85,2145.896753,79510.0,36712.7813358267,2021-05-31
36750.0,37450.97,35670.68,36666.77,3094.346908,89028.0,36339.3925854322,2021-06-01
36678.26,38222.0,36505.63,37973.25,1781.622481,58592.0,37538.9872558333,2021-06-02
37973.25,39490.3,37400.0,37579.0,1986.222314,64035.0,38569.1688925318,2021-06-03
37586.89,37858.0,35609.12,37694.07,2597.909546,72777.0,36844.1608601839,2021-06-04
37709.89,37917.26,34835.06,36094.66,2798.257444,72079.0,36060.9683442298,2021-06-05
36097.28,36804.71,35236.52,36277.14,1712.577684,52019.0,36057.6962711056,2021-06-06
36268.2,36793.97,32401.72,32873.35,2435.715493,80289.0,34591.3743804693,2021-06-07
32873.35,33874.25,31028.34,33000.0,2434.238152,89556.0,32597.827771553,2021-06-08
32993.19,37680.0,32929.29,36818.72,3117.079182,105575.0,35972.5733686997,2021-06-09
36816.2,38441.05,35819.93,37056.87,2620.516893,94976.0,36954.1361884339,2021-06-10
37073.51,37682.4,35114.74,35244.76,2065.59778,78740.0,36811.4399166636,2021-06-11
35242.58,36217.06,34633.01,35200.54,1237.701681,56478.0,35521.8571116102,2021-06-12
35185.5,39844.0,34837.2,39283.89,1910.387904,71308.0,37964.6825960571,2021-06-13
39280.87,41050.92,38871.26,40522.49,2129.810934,76417.0,40101.542050236,2021-06-14
40524.04,41391.73,39546.46,40291.7,1686.877036,63150.0,40237.5136364303,2021-06-15
40305.53,40562.89,38111.0,38825.69,1841.063495,66437.0,38935.621571983,2021-06-16
38812.01,39546.92,37212.48,37936.56,1975.898847,73402.0,38204.2663750622,2021-06-17
37941.58,38116.68,34842.44,35199.43,2310.296678,87460.0,36213.397716148,2021-06-18
35205.35,36457.37,35133.34,35808.19,1727.799626,82696.0,35733.6236153487,2021-06-19
35806.71,36121.12,33343.97,34235.0,2257.007939,84982.0,34696.590792778,2021-06-20
34235.0,34554.62,31139.62,32637.33,4929.400458,128507.0,32538.3208830371,2021-06-21
32607.83,34393.19,28810.0,33822.39,5373.792731,102194.0,31674.4630464843,2021-06-22
33820.24,34835.26,32326.88,32550.98,2555.081469,87708.0,33588.6126404939,2021-06-23
32554.17,35500.0,32483.11,34768.44,1908.997015,65912.0,34331.3597483249,2021-06-24
34774.43,34884.6,31281.58,32352.11,2718.322078,102219.0,32491.9611218758,2021-06-25
32349.27,33330.27,30167.0,33166.36,2823.927711,107573.0,31563.5152345827,2021-06-26
33166.45,34984.97,32373.59,34361.9,1949.328076,73027.0,33536.2906115982,2021-06-27
34363.04,35300.0,33800.33,34864.02,1727.789541,67848.0,34546.9026685651,2021-06-28
34882.67,36625.0,34564.36,34751.43,1830.97139,69463.0,35749.1895568098,2021-06-29
34754.82,35339.57,34051.91,34335.13,1615.277597,63529.0,34712.1596421561,2021-06-30
34342.77,34467.52,32676.72,33146.55,1886.406823,65565.0,33414.5722574001,2021-07-01
33151.23,33914.18,32705.88,33665.62,1453.150917,50689.0,33358.6800292535,2021-07-02
33680.79,34954.45,33593.6,34776.65,957.074248,38295.0,34544.7409054024,2021-07-03
34770.74,35961.06,34038.61,34209.85,1081.102486,41564.0,35175.275475471,2021-07-04
34208.9,34796.71,33139.82,34667.26,1143.564718,45776.0,33909.5181024887,2021-07-05
34677.74,35130.98,33526.73,34722.6,1246.636578,51207.0,34157.1373767554,2021-07-06
34726.99,35067.69,33058.86,33318.67,1033.147574,42913.0,34067.5751342028,2021-07-07
33316.04,33520.14,32102.02,33036.69,1365.608107,55233.0,32758.6344291148,2021-07-08
33031.03,34259.55,32621.23,33657.03,909.06038,39233.0,33502.9872650696,2021-07-09
33648.1,34190.08,33027.45,33459.62,601.341591,26721.0,33598.0646409235,2021-07-10
33466.51,34675.25,33374.43,34297.75,704.534984,30874.0,34121.6382697755,2021-07-11
34305.66,34500.39,32662.27,33118.06,1277.919274,56280.0,33291.4820674379,2021-07-12
33120.36,33343.92,31661.69,31942.22,1216.904936,58507.0,32526.0196066289,2021-07-13
31942.22,33184.29,31577.13,32652.52,918.187402,43646.0,32575.379725149,2021-07-14
32663.45,32663.45,31142.56,31913.04,1078.608129,62578.0,31796.9834818055,2021-07-15
31914.64,32274.48,31025.01,31395.9,985.364098,59764.0,31708.1318138752,2021-07-16
31394.87,32430.32,31264.27,32086.33,789.626368,42933.0,31826.4104354932,2021-07-17
32093.33,32140.16,31143.03,31745.48,719.037274,36250.0,31625.9976350587,2021-07-18
31759.93,31899.98,29509.14,29667.11,1337.03087,61933.0,30619.9394186298,2021-07-19
29666.06,30803.64,29295.61,30697.42,1234.390943,65743.0,29817.545488124,2021-07-20
30698.54,32853.53,30559.5,32058.49,1685.076659,50437.0,31781.2266958398,2021-07-21
32062.68,32794.53,31727.19,32690.24,844.580569,25429.0,32243.8730338571,2021-07-22
32689.1,33855.04,31999.99,33708.83,891.55826,28135.0,32877.3683162584,2021-07-23
33724.86,34518.0,33562.5,34383.22,889.658537,28590.0,34036.2454764946,2021-07-24
34391.59,39764.32,33883.79,38295.07,2017.955086,49688.0,36747.0428336927,2021-07-25
38300.0,40567.3,36413.49,36977.92,3974.819824,83940.0,38129.8242712849,2021-07-26
36976.07,40354.91,36911.68,39696.1,3334.746042,78649.0,38558.9391084499,2021-07-27
39695.13,40917.92,38810.1,39992.64,3374.14022,86675.0,39902.6834951554,2021-07-28
39985.43,40650.0,39408.92,39818.53,1436.873181,42458.0,39942.0296648924,2021-07-29
39818.53,42416.99,38342.35,41831.83,2242.883349,57759.0,40517.1798063173,2021-07-30
41832.57,42610.97,41067.5,42067.31,1403.424506,40338.0,41681.3617267435,2021-07-31
42074.92,42169.58,39250.0,39669.64,1934.850029,47595.0,40713.5186771138,2021-08-01
39665.94,40464.42,38235.34,38327.39,1778.830348,44321.0,39319.5284686837,2021-08-02
38320.88,38805.06,37620.0,37951.49,2061.853402,50757.0,38208.5904562039,2021-08-03
37958.74,39969.15,37502.0,39357.93,2386.514786,56872.0,39068.4861983541,2021-08-04
39354.17,41414.61,37326.25,40168.01,3598.240831,78479.0,39416.0573542522,2021-08-05
40168.01,43954.66,40131.21,43319.48,2524.008284,68081.0,42314.2949887727,2021-08-06
43327.36,44814.67,42472.2,44373.84,2486.366718,68605.0,43791.7249548688,2021-08-07
44374.68,45354.0,42812.33,43610.33,2977.230434,74992.0,44037.5214084229,2021-08-08
43606.1,46740.0,43293.79,45474.1,2213.606631,70657.0,45579.3570128881,2021-08-09
45463.81,46174.98,44652.99,45624.73,1513.594201,56274.0,45501.3785706024,2021-08-10
45651.16,46775.48,45405.0,45603.91,1657.3512,59105.0,46129.0035888825,2021-08-11
45603.79,45672.22,43800.0,45276.56,2124.586659,59803.0,44673.0350132685,2021-08-12
45267.6,47911.11,45140.06,47485.85,1344.073457,50463.0,46793.0175359269,2021-08-13
47485.82,48177.53,46039.08,46747.58,1477.087859,50718.0,46895.4879192403,2021-08-14
46750.0,48063.64,45507.26,47426.45,1789.694345,58463.0,46670.6362070038,2021-08-15
47426.45,47749.09,45250.0,46394.91,1692.403875,64949.0,46439.1115463166,2021-08-16
46391.41,47165.97,44200.0,45082.78,1947.147594,87228.0,45504.8660885169,2021-08-17
45075.78,46025.46,43940.12,44133.99,1449.488259,73449.0,45026.8501812822,2021-08-18
44142.09,47401.35,44045.95,47100.85,1512.174513,70746.0,45939.5977059922,2021-08-19
47099.06,49421.07,46713.13,48649.63,1599.208109,68923.0,48313.2624008608,2021-08-20
48650.81,49830.18,48280.0,49162.91,1158.872682,57685.0,49068.2113301006,2021-08-21
49150.36,50427.43,48043.66,50336.36,1256.831348,53600.0,49287.0497104444,2021-08-22
50343.54,50551.66,48785.5,49498.28,954.577177,43605.0,49682.7373280673,2021-08-23
49498.28,49875.73,47601.0,48017.23,1189.374031,57782.0,48473.1792098493,2021-08-24
48014.12,49399.74,47131.39,47883.51,1140.927469,59227.0,48281.6207822969,2021-08-25
47881.44,48057.45,46300.0,46929.71,1513.295697,67497.0,47021.2380084338,2021-08-26
46926.8,49315.0,46863.45,48987.24,1004.897554,49857.0,48177.0637029759,2021-08-27
48982.89,49666.66,47800.0,48187.85,775.085981,40810.0,48811.0795728986,2021-08-28
48183.72,49412.15,47771.68,47894.73,754.02074,40360.0,48556.4715723534,2021-08-29
47882.13,48719.9,46707.65,47070.0,1114.558906,48768.0,47678.7524726764,2021-08-30
47070.69,48276.66,46539.06,47158.98,1082.846554,54291.0,47298.987978607,2021-08-31
47171.91,49900.0,47111.12,49400.24,1366.150934,60156.0,48458.4336728343,2021-09-01
49396.62,50380.0,48360.0,49721.04,1327.109976,60699.0,49510.3835298914,2021-09-02
49724.08,51056.86,49228.0,50345.73,1395.091498,59269.0,50220.2998742426,2021-09-03
50353.24,50551.31,49404.0,49857.97,698.145572,34929.0,49980.622688109,2021-09-04
49857.97,51968.84,49483.6,51710.42,926.515447,42656.0,50970.8105875425,2021-09-05
51710.42,52948.52,51018.35,52539.77,1022.978606,48692.0,52039.5914633739,2021-09-06
52538.93,52746.79,42600.0,46442.54,2940.933084,123924.0,48274.7665201807,2021-09-07
46458.48,46869.0,44423.0,46170.2,1562.693406,81920.0,45994.8272568236,2021-09-08
46173.21,47395.22,45630.0,46577.05,1360.36124,64926.0,46590.3411685672,2021-09-09
46563.07,46753.56,44129.75,45308.72,1407.648332,68073.0,45478.1256072813,2021-09-10
45306.08,45998.0,44750.0,45345.58,702.8172,42707.0,45338.4821353244,2021-09-11
45349.24,46465.51,44491.52,44728.45,1102.391708,53147.0,45546.0838151067,2021-09-12
44720.64,46902.02,43439.74,45105.71,1841.564714,72086.0,44792.8596899029,2021-09-13
45098.64,47491.92,45060.48,46880.87,1300.613105,52732.0,46564.8949253971,2021-09-14
46882.16,48500.0,46711.02,48304.94,1057.020893,47040.0,47823.8937082344,2021-09-15
48302.43,48502.76,47023.27,48098.98,839.723717,37707.0,47765.6050571007,2021-09-16
48088.39,48343.57,46750.0,48337.13,1210.549541,45368.0,47448.92739511,2021-09-17
48337.13,48820.08,47603.01,47861.08,1035.118777,38491.0,48293.6441027718,2021-09-18
47849.09,48343.12,45156.84,45660.89,1284.04755,45769.0,46876.7600708111,2021-09-19
45650.97,45838.04,40121.0,42417.16,4513.037096,116143.0,43445.6833612641,2021-09-20
42422.87,43636.36,39587.55,41903.07,2372.735725,91108.0,41883.1544916921,2021-09-21
41906.25,44311.0,41840.82,44062.74,1359.502874,58057.0,43246.9959724007,2021-09-22
44053.15,45020.0,43391.77,44291.33,1915.934455,57372.0,44264.5540453084,2021-09-23
44280.24,45169.49,40716.77,42723.34,1971.201723,71107.0,42517.4360673738,2021-09-24
42726.6,42986.56,41668.63,42241.87,1307.455202,41376.0,42464.392515413,2021-09-25
42264.7,44370.51,40192.16,44025.85,1176.872245,47901.0,42875.886566086,2021-09-26
44025.85,44262.63,41959.94,42638.97,1193.949276,52390.0,43129.946236028,2021-09-27
42647.96,42732.05,40758.73,42261.0,1745.843361,62948.0,41827.5103503793,2021-09-28
42253.43,43825.92,40886.31,43503.35,1145.716715,40274.0,41863.0917735122,2021-09-29
43550.68,44114.34,42726.79,43628.74,1261.948895,56628.0,43444.1488439167,2021-09-30
43626.8,48483.69,43526.85,47597.4,1644.304735,87313.0,47041.7825334526,2021-10-01
47597.98,48356.54,47107.03,47910.16,638.63734,47329.0,47828.4702580902,2021-10-02
47910.16,49242.66,47260.0,47777.43,736.988554,53955.0,48213.720553095,2021-10-03
47779.77,49789.81,46920.85,49179.24,1063.575576,74057.0,48592.9112391714,2021-10-04
49179.24,51917.0,49149.03,51344.28,1195.2431,73774.0,50636.5661115822,2021-10-05
51339.12,55777.52,50417.56,55090.3,2493.398404,104685.0,54137.5642865665,2021-10-06
55084.71,55084.71,53391.37,53904.9,1365.922668,51905.0,54144.873641546,2021-10-07
53880.6,56101.49,53644.06,54697.44,1045.525108,57428.0,54627.7709232409,2021-10-08
54697.44,56000.0,54115.77,55856.35,528.133516,36380.0,54973.1830431157,2021-10-09
55874.96,56760.41,54366.76,56485.98,882.133359,53176.0,55443.7764998967,2021-10-10
56487.3,57841.26,55866.31,56978.24,1012.993764,58638.0,57046.5833343695,2021-10-11
56989.94,57687.0,53898.54,56088.46,1352.298727,59447.0,56061.4757865216,2021-10-12
56083.65,58570.18,54221.08,57986.27,2050.990577,69742.0,56172.7010007883,2021-10-13
58000.0,59734.99,56838.47,59604.0,1402.31208,49850.0,58008.4400151269,2021-10-14
59604.0,62900.95,58752.94,61725.36,2350.213703,74823.0,60849.9683968695,2021-10-15
61724.73,62352.09,60153.11,60905.72,943.492642,33255.0,61119.1379615608,2021-10-16
60911.56,62558.17,58908.93,62373.62,1260.489432,45148.0,60870.7417174808,2021-10-17
62361.72,62982.13,59858.58,62414.34,1707.638368,55783.0,61636.8085894527,2021-10-18
62450.0,64490.61,61358.54,64052.14,1703.929069,57145.0,63157.5468439476,2021-10-19
64050.55,66996.28,63517.23,65050.04,2148.165472,68950.0,65519.6851787523,2021-10-20
65056.48,66650.04,8200.0,63057.9,2495.290764,75315.0,59442.8812012573,2021-10-21
63072.8,63752.79,59930.21,61158.23,1589.794957,52370.0,61575.9295368772,2021-10-22
61153.25,61742.15,59650.0,60999.26,708.094922,33442.0,60994.973655652,2021-10-23
60999.83,62229.26,59520.87,62037.36,996.098546,36922.0,60757.0286493841,2021-10-24
62072.47,63706.11,61808.15,62455.03,854.653859,31145.0,62957.2163521242,2021-10-25
62441.97,63132.63,59846.56,61198.88,1309.89957,44299.0,61384.8886745428,2021-10-26
61203.35,61408.13,58063.95,58831.23,1962.644132,63835.0,58975.1996224767,2021-10-27
58825.0,62495.18,57894.73,61539.53,2308.816414,68896.0,60535.5078271344,2021-10-28
61500.0,62960.12,60367.19,61491.34,1265.73011,46983.0,61687.8674524347,2021-10-29
61467.94,62423.0,60750.0,61440.6,942.464168,36586.0,61616.8054888412,2021-10-30
61429.14,61782.93,59469.05,60538.0,1237.457521,40516.0,60662.4966290738,2021-10-31
60548.78,62491.78,60307.43,61450.33,1202.695032,51961.0,61422.9901758554,2021-11-01
61460.41,64303.94,61337.44,62838.48,1194.740238,55902.0,63088.1172284482,2021-11-02
62815.07,63560.71,60122.59,62721.24,1112.221684,46517.0,62395.4858205755,2021-11-03
62714.29,62782.04,60720.0,62131.68,908.858423,48486.0,61637.5450602601,2021-11-04
62141.13,62637.26,60778.01,61250.54,747.11607,38409.0,61404.652081971,2021-11-05
61250.55,62369.52,60112.06,62220.35,672.863854,32010.0,61128.5469049523,2021-11-06
62231.91,65673.82,61529.41,65480.08,901.594778,45942.0,63789.226008345,2021-11-07
65496.49,68577.46,65209.73,68145.33,1260.7241,59744.0,66802.4159631166,2021-11-08
68144.05,68278.89,66251.04,66350.0,876.734204,46907.0,67194.5920928786,2021-11-09
66348.47,69025.05,62682.78,64709.62,1966.168103,83414.0,66056.2942999705,2021-11-10
64701.6,65609.51,64070.99,64696.45,766.815788,36875.0,64964.220645212,2021-11-11
64696.64,65005.2,62276.67,63613.42,1102.928467,49280.0,63729.9774324757,2021-11-12
63621.01,65322.86,63380.62,64897.16,424.569533,26859.0,64445.3669413979,2021-11-13
64917.21,66201.31,63590.7,65719.39,678.382118,36320.0,64841.8754382244,2021-11-14
65716.1,66355.15,60385.22,60959.04,1363.10351,64141.0,62936.1910996304,2021-11-15
60955.2,61406.07,58585.49,59643.61,1682.873591,66559.0,60104.7270609927,2021-11-16
59627.0,60988.03,58395.0,59831.5,861.384621,38445.0,60072.6265087441,2021-11-17
59821.99,60063.01,55629.07,56437.4,2237.47419,84549.0,57737.253923829,2021-11-18
56445.36,59035.37,55900.01,58456.25,964.751214,47937.0,57756.4852007059,2021-11-19
58451.21,59889.0,57415.64,59059.7,586.33964,29852.0,58823.2650977908,2021-11-20
59064.43,60082.66,56821.88,57501.95,841.328031,35992.0,58612.819927153,2021-11-21
57501.37,59495.7,55647.32,56565.05,1188.033009,51503.0,57156.9278283123,2021-11-22
56577.47,57879.45,55394.56,56615.47,1296.077064,53299.0,56917.0102983237,2021-11-23
56621.38,58291.04,55874.26,57148.7,831.128332,39889.0,56985.7046067313,2021-11-24
57145.44,59443.07,57116.04,57883.14,805.637875,35868.0,58437.2240141855,2021-11-25
57873.03,57952.33,53521.0,54300.53,1583.618096,63823.0,54865.0396676721,2021-11-26
54294.62,55312.53,53724.44,54428.0,606.542081,30947.0,54616.1951424288,2021-11-27
54422.11,58269.51,53322.69,57398.73,928.09942,37667.0,55894.8849169562,2021-11-28
57394.56,58905.26,56321.17,56321.17,770.531611,37824.0,57606.974908563,2021-11-29
56321.18,59247.36,55919.0,56824.6,1064.362366,52209.0,57482.1094346151,2021-11-30
56824.57,59100.0,55831.89,56958.02,1082.002107,52234.0,57299.3240302751,2021-12-01
56952.7,57408.43,56059.77,56775.18,791.784537,37008.0,56630.6470955577,2021-12-02
56791.71,57655.99,42000.0,47733.07,2770.290534,100869.0,51790.2331030004,2021-12-03
47750.51,49722.06,46206.11,49478.63,1900.488085,75208.0,48052.8121487996,2021-12-04
49485.48,49752.72,47811.15,48730.38,1150.899265,47662.0,48984.0471992967,2021-12-05
48718.93,51462.99,47177.3,50952.21,1648.142725,60714.0,49048.3770462289,2021-12-06
50941.5,51992.07,50068.71,50443.35,809.710276,37158.0,50925.1117846724,2021-12-07
50457.81,51241.96,48653.06,49810.82,954.638637,39661.0,50087.595470731,2021-12-08
49809.04,50373.58,47335.0,48263.62,1153.9741,48086.0,48485.8043306014,2021-12-09
48263.69,50108.51,46716.14,48329.77,1336.488595,52013.0,48223.484706033,2021-12-10
48349.79,49713.5,47805.74,49000.0,660.863215,30290.0,48782.1904634341,2021-12-11
49000.0,50813.15,48472.72,49280.95,795.113296,33532.0,49671.4606228485,2021-12-12
49277.1,49339.77,45744.38,46714.14,1547.829769,55735.0,47139.5695302821,2021-12-13
46715.17,48769.23,46339.1,48121.81,1021.640791,42083.0,47420.5282930633,2021-12-14
48125.67,49500.0,46547.0,48537.67,1469.992279,52317.0,48241.510436501,2021-12-15
48538.32,49455.55,47406.95,47717.91,748.723828,33564.0,48299.3481255704,2021-12-16
47728.8,47762.08,45471.57,46610.4,1148.914519,49659.0,46479.422428481,2021-12-17
46618.89,48094.3,46221.37,47622.18,561.862162,28263.0,47031.1320664663,2021-12-18
47626.5,48336.74,46243.5,46443.55,786.962408,33541.0,47052.468554167,2021-12-19
46428.99,48835.47,45566.22,48600.71,1280.552219,43853.0,46819.2171743046,2021-12-20
48600.71,49584.81,48308.85,48981.12,747.197961,31371.0,48859.0295533306,2021-12-21
48992.64,49545.85,48051.41,48402.75,573.143357,26803.0,48739.4942599465,2021-12-22
48400.32,51535.63,48056.98,51034.01,899.290712,36057.0,50079.9983175899,2021-12-23
51032.78,51853.65,50450.0,50914.29,508.759945,25061.0,51108.459786881,2021-12-24
50911.84,51167.03,49647.12,49910.01,527.906905,23526.0,50444.793929663,2021-12-25
49895.91,51308.75,49463.75,50886.55,592.95131,25056.0,50480.8787458837,2021-12-26
50873.52,52148.5,48690.26,49232.14,836.325554,36364.0,50609.9787231995,2021-12-27
49215.95,49461.87,47313.0,47881.3,798.594475,34353.0,48309.070561734,2021-12-28
47918.98,48076.44,45950.21,46767.25,965.007189,38079.0,47104.0683849039,2021-12-29
46760.87,47924.27,46700.0,47285.73,596.512445,26773.0,47268.1422833577,2021-12-30
47289.11,48575.71,45665.92,47200.02,1073.858376,38984.0,47077.3444498096,2021-12-31
47190.56,47950.0,46722.08,47095.67,468.152221,23361.0,47297.0343190694,2022-01-01
47087.56,47992.0,46668.46,47098.88,443.889422,22218.0,47195.4504791315,2022-01-02
47102.58,47568.95,45700.83,46154.6,783.384691,29891.0,46514.2672853662,2022-01-03
46153.0,47527.78,45547.55,46314.83,850.111475,29224.0,46453.8869749854,2022-01-04
46303.77,47066.7,42460.0,43051.65,1882.128273,58070.0,44573.0548252435,2022-01-05
43061.81,43588.75,40957.53,41846.64,1166.578757,40734.0,42496.15373592,2022-01-06
41842.24,42758.62,40618.07,41979.2,1155.400932,37939.0,41750.3143531464,2022-01-07
41975.42,42317.98,40500.0,41764.21,1046.241144,32257.0,41501.3873666112,2022-01-08
41767.53,42799.57,41200.02,42035.32,625.424101,24070.0,41951.073856399,2022-01-09
42036.19,42394.19,39648.0,42116.32,1845.296197,46553.0,41159.9187394138,2022-01-10
42114.04,43123.93,41278.35,42716.29,955.261985,31487.0,42346.5014436607,2022-01-11
42725.68,44344.9,42483.94,43699.9,805.675808,27383.0,43602.1731665058,2022-01-12
43700.28,44443.98,42328.87,42925.15,907.780937,30930.0,43178.9985256452,2022-01-13
42918.83,43466.46,41775.37,43011.48,814.671455,28709.0,42773.5580076652,2022-01-14
43017.4,43828.92,42583.22,42984.07,506.49202,21088.0,43233.8126998251,2022-01-15
42980.16,43500.58,42356.09,42687.9,424.308617,21851.0,42959.1645859262,2022-01-16
42699.64,42981.89,41560.87,42133.21,502.989822,23790.0,42282.2003612194,2022-01-17
42128.58,42683.51,41289.0,41772.61,713.969584,30615.0,41862.9796729147,2022-01-18
41785.29,42579.07,41157.84,41904.53,952.102386,31357.0,41914.0898483863,2022-01-19
41905.29,43506.83,38240.27,38913.96,1932.446179,57975.0,41055.8184271194,2022-01-20
38921.99,39291.1,35427.64,35748.15,2331.879032,72319.0,37562.9195214101,2022-01-21
35747.5,36179.48,34035.0,35455.29,2053.245074,64570.0,35162.4486287406,2022-01-22
35455.77,36518.24,34613.42,35203.46,1323.120097,43033.0,35522.6783285622,2022-01-23
35194.26,37569.72,32946.89,36079.09,2839.002488,81644.0,34828.8659121034,2022-01-24
36068.33,37997.03,35714.9,37631.76,1623.059634,50207.0,36810.5404475822,2022-01-25
37631.08,38941.17,35543.39,35995.17,1964.482808,69110.0,37383.4408578165,2022-01-26
35989.98,37470.31,35538.87,37210.23,1193.308829,42861.0,36548.7146810431,2022-01-27
37223.53,38041.21,36170.53,37672.33,1013.905687,39751.0,37179.1196504081,2022-01-28
37680.0,38731.67,37326.62,38148.42,690.310575,28785.0,38015.0402362637,2022-01-29
38148.33,38379.31,36647.99,37022.16,596.756204,28156.0,37569.6347715191,2022-01-30
37019.73,38756.97,36826.75,38466.1,964.833568,36772.0,38032.6917936123,2022-01-31
38472.44,39309.84,38025.31,38432.44,1129.826053,44769.0,38623.3506012043,2022-02-01
38428.51,38790.94,36601.75,37019.69,941.805378,38746.0,37456.5698841283,2022-02-02
37024.23,37709.14,36262.39,37559.32,729.715871,30504.0,36813.1427611209,2022-02-03
37571.11,41957.28,37319.29,41559.27,1382.147131,48382.0,39884.4695359509,2022-02-04
41553.79,41929.78,40962.34,41603.16,471.590878,24594.0,41517.9827292147,2022-02-05
41603.04,43026.31,41141.25,42808.97,693.580041,32812.0,42123.4861644767,2022-02-06
42845.91,45076.86,42273.54,44922.53,1075.29236,42787.0,43752.277763441,2022-02-07
44915.54,45520.37,42707.16,43630.9,1262.684811,45410.0,43758.2439253159,2022-02-08
43624.61,44848.48,43226.82,43908.52,698.339978,31002.0,44087.8836589345,2022-02-09
43920.64,45851.22,42534.8,42857.47,1482.445413,53364.0,44259.9288627123,2022-02-10
42870.57,43975.63,41980.01,42287.73,859.906381,34908.0,42972.9667173313,2022-02-11
42301.15,43049.5,41753.43,42293.59,414.428426,25996.0,42289.2643528719,2022-02-12
42295.45,42782.0,41560.0,41801.85,408.836373,24025.0,42180.877416403,2022-02-13
41794.7,43799.22,41755.53,43599.68,708.082073,36021.0,42700.6587391993,2022-02-14
43594.31,44775.12,43551.97,44086.16,643.75953,30748.0,44143.8503795584,2022-02-15
44080.26,44394.97,43331.71,43644.18,605.265661,30351.0,43931.6564032175,2022-02-16
43642.14,44046.03,40075.37,40658.25,1166.717533,42704.0,41745.8329072098,2022-02-17
40642.9,41126.49,39454.41,40266.48,664.2047,31352.0,40187.3302593242,2022-02-18
40269.12,40469.58,39308.33,39377.02,341.226104,21125.0,39915.9960546092,2022-02-19
39370.59,39499.99,38006.12,39247.78,640.556484,30062.0,38707.2235627803,2022-02-20
39245.44,39377.77,36373.73,36767.9,1474.165083,46972.0,37775.1710477639,2022-02-21
36742.61,38445.03,36546.21,37992.78,882.321697,35731.0,37717.3993024089,2022-02-22
37996.86,39269.22,34317.34,34686.3,1266.537923,52539.0,36822.4251949214,2022-02-23
34686.3,39700.0,34397.35,38465.96,1746.053067,85976.0,36889.4198990124,2022-02-24
38466.03,40296.05,38012.92,39045.11,983.435303,49283.0,39165.3200033543,2022-02-25
39037.7,39694.97,38212.43,38608.91,447.119922,27149.0,38994.5630551184,2022-02-26
38598.55,39884.49,37010.72,37839.37,671.71943,34759.0,38261.4431401111,2022-02-27
37852.38,44259.41,37475.03,43229.15,1412.459176,54487.0,41250.4449782126,2022-02-28
43224.42,45000.0,42815.84,44283.36,1122.467779,47416.0,43976.3698802568,2022-03-01
44302.03,45321.42,43236.53,43351.87,844.934097,41891.0,44117.9077721264,2022-03-02
43343.07,44103.62,41071.0,41381.64,987.526989,45631.0,42387.1912447908,2022-03-03
41379.2,41907.21,38568.18,39020.96,1069.260188,42510.0,40173.9156784955,2022-03-04
39019.55,39720.38,38816.74,39505.8,400.495882,27821.0,39299.4006369163,2022-03-05
39506.49,39619.98,37577.62,38028.52,661.143065,36339.0,38553.8803444614,2022-03-06
38025.81,39552.31,37166.01,38363.41,1052.591573,43036.0,38373.1998096025,2022-03-07
38358.49,41883.58,38008.27,41514.18,1252.461647,43940.0,39553.5244096228,2022-03-08
41521.53,42590.08,38900.0,39219.08,1364.981479,43231.0,41404.7873033528,2022-03-09
39235.64,40301.73,38200.2,38792.23,1181.691366,35917.0,39139.2152644066,2022-03-10
38784.61,40250.0,38316.0,39167.75,831.507763,30547.0,39192.8371223163,2022-03-11
39172.76,39439.78,38666.67,39109.36,301.549334,16474.0,39079.4011839313,2022-03-12
39126.46,39198.04,37572.51,38520.99,576.983541,25701.0,38409.3690586434,2022-03-13
38524.89,39917.89,38422.55,38783.83,748.12453,32345.0,39072.7805040125,2022-03-14
38781.41,41700.0,38139.49,39124.91,1267.403143,44478.0,39671.1895381582,2022-03-15
39123.78,41477.14,38994.21,41359.77,1416.657713,43373.0,40457.234852888,2022-03-16
41338.39,41479.42,40279.94,40642.32,532.547277,27472.0,40814.9853793385,2022-03-17
40643.53,42364.12,40174.08,41825.27,709.36359,31900.0,41307.7492467836,2022-03-18
41826.79,42417.0,41570.01,41872.51,384.773382,22274.0,41972.5253189515,2022-03-19
41879.19,42033.19,40509.08,40893.29,516.307215,25197.0,41231.1473911304,2022-03-20
40887.01,43347.0,40761.58,43001.37,853.071637,35128.0,41583.0194179074,2022-03-21
43001.36,43220.9,41768.85,41938.05,827.151998,33508.0,42546.2113158976,2022-03-22
41969.42,43288.22,41814.58,42922.54,847.284152,36532.0,42463.9547796668,2022-03-23
42922.54,44422.34,42610.84,44115.03,796.889511,38066.0,43588.4845058324,2022-03-24
44117.62,45112.84,43596.62,44423.78,554.873297,29251.0,44450.1797798524,2022-03-25
44428.97,44951.37,44166.92,44598.15,269.370687,16209.0,44533.4803862748,2022-03-26
44599.91,47623.0,44445.55,47144.34,804.344856,33636.0,46158.8570638628,2022-03-27
47137.15,48223.41,46770.45,47621.59,847.692272,36841.0,47486.8893083486,2022-03-28
47627.09,48109.83,46548.76,47252.33,567.038334,27187.0,47480.1890720855,2022-03-29
47251.28,47719.21,46849.99,47034.98,484.801751,26955.0,47238.4939185227,2022-03-30
47031.64,47631.47,44244.26,44666.12,844.465993,38858.0,45871.5032113855,2022-03-31
44664.21,47221.58,44588.13,46555.26,629.246392,32549.0,46002.6347918666,2022-04-01
46560.29,46954.67,45550.81,46378.61,461.042445,23532.0,46249.6489837047,2022-04-02
46381.7,47468.61,45768.46,46091.15,570.232042,28105.0,46485.4722236156,2022-04-03
46092.99,46899.0,45126.58,46775.38,644.176869,29678.0,46069.8566472319,2022-04-04
46768.34,47196.13,44419.86,45341.5,862.482322,41278.0,45764.847758021,2022-04-05
45350.88,45516.04,42737.09,43406.31,992.126322,46780.0,43990.8896721662,2022-04-06
43393.23,43902.31,43033.82,43546.71,548.248638,31743.0,43516.8477099974,2022-04-07
43549.84,43983.5,42113.47,42413.84,798.860327,37701.0,43023.7081335236,2022-04-08
42442.29,42904.32,42195.48,42762.86,208.513808,14843.0,42538.7712041082,2022-04-09
42757.45,43426.23,41770.87,42261.84,608.577313,27710.0,42425.5613746931,2022-04-10
42270.64,42367.65,39215.26,39916.41,1308.542007,52609.0,40444.4181434788,2022-04-11
39925.94,40700.99,39263.15,40131.3,1227.543204,46556.0,40089.6831791558,2022-04-12
40139.0,41570.02,39627.11,41297.27,1116.941681,37740.0,40706.7892394579,2022-04-13
41297.22,41363.27,39572.24,40112.51,656.928988,32876.0,40368.4251159943,2022-04-14
40114.0,40861.77,39954.45,40548.26,546.807225,24562.0,40344.2157051538,2022-04-15
40544.92,40700.0,40005.67,40287.01,322.944471,17497.0,40333.2212854043,2022-04-16
40299.7,40607.0,38698.8,38835.3,693.391581,26746.0,39923.022828683,2022-04-17
38830.29,41269.84,38541.31,40863.31,1174.704948,43368.0,39975.3135028774,2022-04-18
40874.23,41800.0,40568.67,41357.48,524.31559,24363.0,41256.0957251912,2022-04-19
41357.48,42205.43,40900.0,41621.49,751.20176,31006.0,41559.4968526917,2022-04-20
41621.49,42984.15,39771.6,40634.05,1164.786881,42581.0,41520.479597037,2022-04-21
40638.22,40799.14,39172.34,39542.31,765.828943,35904.0,39881.6674041637,2022-04-22
39535.74,39984.61,39338.25,39724.93,307.472439,17307.0,39706.8051822201,2022-04-23
39715.13,39948.83,38694.49,39149.25,696.074172,27718.0,39339.8692774131,2022-04-24
39153.57,40777.75,38208.21,40562.9,1229.509078,47428.0,39336.3980542105,2022-04-25
40570.52,40804.22,37700.0,38408.1,1282.791621,50435.0,38853.6568818396,2022-04-26
38404.7,39700.0,38366.6,39398.73,926.539363,40847.0,39009.6531971376,2022-04-27
39398.17,40379.84,38869.44,39544.13,929.715552,40115.0,39710.0590509655,2022-04-28
39540.24,39630.88,38172.21,38561.01,731.90828,34568.0,38846.3167640513,2022-04-29
38568.19,38780.87,37396.09,37964.05,517.99151,29805.0,38081.5516389422,2022-04-30
37971.35,39121.71,37684.19,38986.47,548.832114,29363.0,38317.1881238004,2022-05-01
38978.38,39162.85,38037.28,38491.42,760.12401,35909.0,38631.6496917553,2022-05-02
38494.6,38641.84,37517.66,37986.2,618.481216,28519.0,38051.7669964109,2022-05-03
37985.03,40020.0,37964.61,39741.08,931.876794,36948.0,39164.44005156,2022-05-04
39742.64,39838.15,35605.89,36425.39,1522.981183,55773.0,37015.9800722633,2022-05-05
36424.11,36538.04,35253.47,35720.5,1046.605855,42224.0,35948.435170485,2022-05-06
35738.14,36128.72,34202.0,34391.43,836.709588,34729.0,35155.9733555971,2022-05-07
34393.54,34932.14,33271.73,33631.03,1012.694368,41950.0,34075.2910850149,2022-05-08
33637.31,33765.97,29735.97,31218.29,3850.732284,95136.0,31484.1549721483,2022-05-09
31213.97,32640.49,30160.84,31203.5,3447.659023,88909.0,31439.1081523604,2022-05-10
31207.79,32126.51,26991.0,27647.5,5592.431365,132559.0,29918.7938695975,2022-05-11
27640.54,30716.22,25455.46,30375.49,3425.552947,95367.0,28307.9757052901,2022-05-12
30380.61,30980.0,29150.0,29295.69,1588.624046,53420.0,30117.550751019,2022-05-13
29299.98,30290.64,28577.93,29560.07,784.677598,41102.0,29418.387242194,2022-05-14
29571.49,31415.48,29455.2,30293.77,1188.858761,48750.0,30475.9418793583,2022-05-15
30292.25,30470.0,29050.01,30345.13,1583.792585,57134.0,29808.6499824305,2022-05-16
30338.89,30733.0,29421.8,29797.5,1297.84626,51321.0,30181.9618306555,2022-05-17
29793.07,30060.8,28612.14,29063.05,1640.044029,59492.0,29257.2796862342,2022-05-18
29054.97,30726.41,28824.43,30062.69,1420.147955,49777.0,29908.4916988067,2022-05-19
30062.66,30512.0,28692.45,29218.22,1615.345154,55326.0,29498.7265699451,2022-05-20
29217.17,29614.37,29119.19,29249.95,458.5981,23456.0,29355.4638918801,2022-05-21
29250.09,30456.52,29250.09,30101.13,912.80936,36041.0,30013.9118068715,2022-05-22
30099.54,30634.92,28843.86,29309.4,1538.251495,55006.0,29831.5850011118,2022-05-23
29329.67,30184.03,28638.51,30065.69,1368.90144,48108.0,29400.9746527073,2022-05-24
30067.9,30109.37,29308.57,29738.5,1194.573761,46488.0,29700.9261734669,2022-05-25
29736.08,29820.0,28002.0,28891.2,2446.717862,88026.0,29106.1005054786,2022-05-26
28889.93,29352.61,28242.84,28804.55,1759.875459,72886.0,28806.0510952511,2022-05-27
28803.11,29233.2,28729.44,28919.16,494.156946,24678.0,28935.856762194,2022-05-28
28910.76,30400.88,28891.21,30303.09,1062.096958,35405.0,29579.0399057355,2022-05-29
30303.87,32193.14,30237.44,31668.48,2167.496153,61324.0,31040.0740009829,2022-05-30
31670.96,32409.14,31197.67,31540.29,1692.578428,51187.0,31731.1410465034,2022-05-31
31539.23,31875.0,29304.62,29784.4,1886.397503,55198.0,30451.2011109809,2022-06-01
29794.94,30672.66,29551.69,30398.43,1360.550315,40411.0,30182.0584533812,2022-06-02
30394.61,30538.38,29250.0,29688.9,1268.104056,39254.0,29720.4033008851,2022-06-03
29689.32,29951.53,29456.68,29701.65,504.101091,18168.0,29715.2419980302,2022-06-04
29701.99,31320.0,29509.5,31192.5,1178.863288,33115.0,30315.5606245318,2022-06-05
31194.73,31740.0,29200.0,29508.27,1830.588863,55297.0,30768.9326890771,2022-06-06
29508.54,31565.82,29328.21,30230.97,2035.144906,61145.0,30567.6713999153,2022-06-07
30226.01,30865.14,29888.0,30240.33,947.807726,38152.0,30348.4640242154,2022-06-08
30243.84,30683.94,29543.49,30075.19,1121.954468,41941.0,30135.3068769477,2022-06-09
30076.05,30210.97,28828.26,29352.88,1124.221588,42994.0,29425.3921139638,2022-06-10
29354.46,29405.28,27251.25,27403.61,1318.761438,43608.0,28352.161782929,2022-06-11
27403.8,28297.56,24899.56,25356.22,2491.86257,64969.0,26473.1615623706,2022-06-12
25351.38,25811.26,20804.91,21952.73,6179.073319,114798.0,23051.871750768,2022-06-13
21942.24,23314.09,20900.0,21111.35,3298.418877,66489.0,22219.0181156854,2022-06-14
21106.05,22985.0,20078.0,22062.66,4371.904216,82516.0,21286.7238920407,2022-06-15
22066.21,22164.03,20200.8,20507.72,1850.417548,45981.0,20953.3908614942,2022-06-16
20506.2,21320.42,20301.5,20469.4,1179.574539,34703.0,20671.3083885395,2022-06-17
20461.86,20505.58,17594.94,18474.53,3712.265155,72767.0,18787.209028315,2022-06-18
18476.7,20799.03,17925.03,19838.75,2384.465489,49522.0,19671.061325434,2022-06-19
19837.17,21038.89,19746.13,20623.11,1991.217976,45518.0,20396.6469606788,2022-06-20
20629.71,21702.52,20240.0,20412.23,2333.308682,51413.0,21004.5324377594,2022-06-21
20410.2,20874.34,19742.25,20335.75,3508.690521,100238.0,20250.4973539615,2022-06-22
20337.68,21361.98,20154.28,21033.2,3645.486074,123984.0,20730.222056205,2022-06-23
21034.26,21534.33,20719.39,21218.71,2842.305253,88634.0,21115.0016267488,2022-06-24
21218.89,21595.71,20896.85,21406.14,1903.394998,67396.0,21279.299993201,2022-06-25
21407.32,21878.02,20910.41,21233.82,2119.787987,72859.0,21282.5732749017,2022-06-26
21232.71,21522.61,20478.28,20747.5,3398.764417,107331.0,20832.4978360727,2022-06-27
20747.07,21190.0,20125.0,20272.68,5382.925188,152022.0,20582.8242699851,2022-06-28
20273.69,20420.92,19832.92,20027.02,7319.191337,201864.0,20067.7940065669,2022-06-29
20025.82,20896.36,18612.0,19382.09,10330.986504,187492.0,19463.8079928079,2022-06-30
19374.83,19764.83,18940.0,19170.27,7521.574449,118377.0,19343.7428550912,2022-07-01
19170.9,19441.9,18752.98,19231.67,3459.369133,64323.0,19210.3198189685,2022-07-02
19233.4,19625.32,18911.68,19102.36,3478.188482,101957.0,19162.3038663075,2022-07-03
19101.41,20450.89,19057.69,20251.12,7282.259882,242199.0,19844.761944276,2022-07-04
20252.86,20728.5,19281.37,20075.94,9527.917398,283740.0,19943.8779085726,2022-07-05
20077.88,20650.0,19845.91,20397.52,7624.440324,262190.0,20258.0956704068,2022-07-06
20396.43,22500.59,20233.0,21975.47,8688.592329,273865.0,21209.5156117758,2022-07-07
21975.47,22112.26,21172.41,21540.18,8453.323465,283983.0,21670.4382297136,2022-07-08
21541.16,21980.88,21100.0,21262.3,5221.571175,224740.0,21564.2948493347,2022-07-09
21262.1,21406.17,20417.0,20516.03,5245.537509,189421.0,20897.3053485712,2022-07-10
20514.05,20741.3,19769.2,19986.09,7194.311544,222000.0,20305.4940653217,2022-07-11
19986.09,20044.29,19226.0,19460.11,7138.720321,203381.0,19647.191033833,2022-07-12
19460.11,20403.7,18900.0,20062.27,10295.582148,245944.0,19731.0717816818,2022-07-13
20065.81,20879.17,19588.9,20530.01,10039.131412,219788.0,20218.1389894934,2022-07-14
20531.04,21191.81,20504.22,20739.15,6238.182795,182392.0,20853.0104942291,2022-07-15
20741.14,21575.34,20477.03,21247.59,5217.037703,158223.0,21075.4681930027,2022-07-16
21247.55,21657.49,20751.81,21290.62,5347.599761,169561.0,21180.8052516448,2022-07-17
21293.0,22952.93,21279.16,21893.85,13403.776375,256724.0,22106.6338146949,2022-07-18
21892.1,23800.0,21583.97,23395.0,15269.089296,245956.0,22898.7304966853,2022-07-19
23391.53,24275.94,22634.82,22879.3,15350.716373,274684.0,23536.7195280148,2022-07-20
22878.93,23351.67,22342.28,22971.58,8413.914641,167913.0,22913.2364592294,2022-07-21
22966.35,23758.46,22507.15,22900.0,6718.211658,161373.0,23172.0792557014,2022-07-22
22904.39,23000.0,21950.0,22399.48,4729.550679,87536.0,22385.8534118392,2022-07-23
22399.48,23020.0,21740.38,21900.24,6231.284745,130260.0,22536.4292851507,2022-07-24
21895.62,22260.0,20864.19,21126.93,7433.605001,142861.0,21671.7326715401,2022-07-25
21132.44,21306.07,20714.96,21111.95,4923.663719,134195.0,21025.9737181072,2022-07-26
21111.95,23448.89,21095.7,23072.31,10212.517093,206094.0,22276.6811903179,2022-07-27
23072.31,24199.98,22583.33,24014.13,9231.984811,174993.0,23479.2924285072,2022-07-28
24011.71,24439.0,23433.85,23745.55,8493.420592,167818.0,23863.1316262414,2022-07-29
23750.06,24683.54,23500.61,23808.89,6719.075028,181789.0,24029.9945299499,2022-07-30
23810.09,24198.18,23232.29,23398.0,5648.751563,190921.0,23630.0651175229,2022-07-31
23398.02,23508.47,22760.0,22874.13,6667.629051,159111.0,23136.9311237205,2022-08-01
22865.91,23466.18,22661.29,22834.72,7217.620601,157088.0,22962.8819900528,2022-08-02
22834.42,23638.99,22734.89,23090.0,8644.443116,144529.0,23239.8354061923,2022-08-03
23092.34,23259.89,22404.47,23158.03,6888.388988,145275.0,22839.8225075454,2022-08-04
23156.05,23477.06,22757.92,23212.7,6064.764805,162992.0,23138.402299036,2022-08-05
23212.74,23260.0,22854.66,22951.0,2905.513764,72323.0,23106.5300419526,2022-08-06
22951.02,23400.0,22896.07,23350.04,2755.768081,77229.0,23182.4315149301,2022-08-07
23347.47,24252.12,23329.83,23890.32,6192.286834,107915.0,23931.6420304021,2022-08-08
23891.94,23931.65,22659.4,22951.52,6598.928998,103651.0,23192.8102700665,2022-08-09
22948.34,24546.36,22836.34,24527.72,8529.492068,150712.0,23871.1872324361,2022-08-10
24531.21,24922.58,23767.77,23943.81,8740.430792,114804.0,24362.0084075857,2022-08-11
23940.91,24846.0,23596.36,24748.32,7223.662635,85061.0,24188.6021130966,2022-08-12
24747.46,24900.55,24295.8,24579.41,5168.337308,60890.0,24534.5618762743,2022-08-13
24580.31,25214.66,24151.07,24861.88,6701.73856,93063.0,24597.6157735616,2022-08-14
24861.37,24992.73,23780.0,23966.91,8366.048305,106089.0,24159.8970664491,2022-08-15
23968.0,24151.37,23676.4,24070.0,6894.905916,86951.0,23921.7567505449,2022-08-16
24075.74,24445.57,23180.0,23375.6,7018.647345,92666.0,23638.9508439341,2022-08-17
23383.74,23599.71,22700.0,22789.19,4763.2083,63269.0,23182.7527203353,2022-08-18
22785.91,22836.06,20785.22,21240.0,14143.727125,125223.0,21424.3110637419,2022-08-19
21238.86,21363.46,20761.75,21197.91,7662.52359,73351.0,21172.5627217319,2022-08-20
21197.93,21781.64,21067.48,21467.0,6697.323631,69203.0,21434.5299603928,2022-08-21
21469.66,21536.56,20890.32,21263.86,7282.48888,87437.0,21215.8294730956,2022-08-22
21263.87,21679.73,20889.11,21326.31,7503.764795,95395.0,21382.4146952583,2022-08-23
21333.35,21890.76,21236.88,21539.39,8417.53361,79060.0,21531.5313436412,2022-08-24
21540.77,21814.51,21424.24,21530.63,5337.40726,61670.0,21615.0078799422,2022-08-25
21526.24,21872.35,20110.0,20145.72,14082.294227,158271.0,20958.1928808161,2022-08-26
20147.3,20281.1,19800.0,19996.69,7550.732362,77854.0,20058.7636802873,2022-08-27
19995.5,20149.5,19520.19,19805.46,6140.40064,71859.0,19869.7270592468,2022-08-28
19805.0,20543.44,19737.36,20464.65,6885.1163,90779.0,20138.914615827,2022-08-29
20467.15,20578.0,19541.13,20337.81,9883.747803,118400.0,20041.6246677578,2022-08-30
20339.0,20486.06,19874.31,20056.65,6975.185598,101838.0,20158.5288084628,2022-08-31
20055.79,20292.0,19564.86,20156.76,7141.975485,110122.0,19934.1678446199,2022-09-01
20156.76,20444.0,19757.72,19919.47,7165.911879,96231.0,20075.2008677126,2022-09-02
19924.83,19968.2,19658.04,19806.11,2677.652012,51551.0,19800.1854803241,2022-09-03
19805.39,20058.0,19587.86,19888.67,4325.67879,62082.0,19834.4514137038,2022-09-04
19888.67,20180.5,19635.96,19760.56,6274.552824,84784.0,19812.0959815687,2022-09-05
19761.39,20026.91,18534.06,18724.59,11217.789784,128106.0,19266.8355201911,2022-09-06
18724.59,19462.02,18676.38,19356.85,7431.686434,80560.0,19064.1585091074,2022-09-07
19356.54,20458.13,19012.7,20360.17,10278.336062,102004.0,19428.2819391553,2022-09-08
20360.0,21595.12,20343.51,21454.54,11525.122334,131072.0,21032.3200598844,2022-09-09
21454.54,21812.35,21128.39,21560.0,6462.167995,79413.0,21477.5339068718,2022-09-10
21560.01,22378.0,21359.15,21719.51,9039.744436,107512.0,21706.8190027102,2022-09-11
21719.51,22497.58,21672.76,22288.81,9410.191574,145740.0,22236.9354995307,2022-09-12
22289.22,22799.03,19874.92,20389.76,14809.264623,169705.0,21173.3980397283,2022-09-13
20388.02,20418.59,19610.09,20031.29,10289.722437,116580.0,20125.5200628299,2022-09-14
20026.63,20333.8,19500.0,19825.0,9901.09647,107844.0,19911.9058251546,2022-09-15
19826.09,20062.56,19338.0,19935.19,9017.672204,102881.0,19708.1009085949,2022-09-16
19935.19,20191.71,19742.41,20010.1,6083.097511,59775.0,19986.0434650481,2022-09-17
20008.83,20099.79,18674.51,18824.75,9060.28239,123058.0,19510.1338730629,2022-09-18
18824.75,19682.97,18257.92,19337.08,13055.029678,130568.0,19098.0326323198,2022-09-19
19335.66,19581.28,18724.83,19004.78,12532.741853,121371.0,19066.7925610585,2022-09-20
19006.29,19900.0,18168.0,18701.12,21988.551373,193340.0,19011.189236717,2022-09-21
18702.08,19519.64,18620.77,19410.43,15967.830431,151429.0,19111.6623395376,2022-09-22
19410.43,19464.84,18534.78,19162.79,11805.626063,126101.0,18947.5707969421,2022-09-23
19162.81,19224.27,18810.0,19008.15,5695.863654,62390.0,19037.0969561524,2022-09-24
19008.84,19174.74,18630.86,18812.46,7200.197004,73629.0,18909.0470401939,2022-09-25
18811.54,20293.83,18687.0,20047.85,15666.202058,149658.0,19355.5115689914,2022-09-26
20047.85,20380.9,18491.67,18765.47,18567.049244,168917.0,19581.6560991884,2022-09-27
18763.53,19770.0,18564.08,19583.96,15677.670066,163781.0,19263.9914308864,2022-09-28
19583.96,19696.54,18835.9,19428.46,14798.355315,159055.0,19341.5661527224,2022-09-29
19429.44,20182.69,19150.0,19405.95,9912.18223,106906.0,19564.1012589575,2022-09-30
19405.97,19419.23,19165.28,19334.87,2769.551301,38038.0,19295.7472710281,2022-10-01
19334.87,19400.0,18922.84,19096.18,6376.554662,69762.0,19150.1541625985,2022-10-02
19096.18,19727.57,19060.96,19595.27,9884.849384,107385.0,19403.4821666181,2022-10-03
19595.27,20457.67,19584.61,20126.49,12031.565131,125530.0,20092.9359610501,2022-10-04
20127.5,20450.26,19741.01,20357.72,11333.426387,126439.0,20152.5492057402,2022-10-05
20361.68,20378.93,19856.97,19943.81,14423.448138,165730.0,20072.2815991695,2022-10-06
19944.93,20067.05,19321.49,19443.04,10000.051349,130901.0,19668.1506161399,2022-10-07
19445.36,19549.88,19248.0,19385.22,3602.499226,49815.0,19435.3322154594,2022-10-08
19389.29,19560.0,19369.58,19469.98,4093.870646,55522.0,19459.5505262974,2022-10-09
19467.62,19473.88,18953.5,19040.95,8684.57051,138290.0,19213.2520031307,2022-10-10
19040.95,19266.48,18859.22,19098.17,8860.257869,143183.0,19071.7173846733,2022-10-11
19098.17,19239.94,18976.05,19092.97,5822.944486,101396.0,19116.2228608311,2022-10-12
19092.97,19950.88,18185.92,19815.8,23007.758384,249833.0,19010.1515626663,2022-10-13
19812.9,19853.48,19077.99,19188.13,13458.044482,145280.0,19477.6641777751,2022-10-14
19191.47,19199.81,18985.49,19138.33,2687.864822,39545.0,19112.8291025884,2022-10-15
19138.33,19428.84,19092.08,19227.32,4215.583411,54759.0,19234.1844971161,2022-10-16
19228.11,19676.37,19218.75,19583.15,11586.739028,112561.0,19510.4032301852,2022-10-17
19584.93,19705.75,19094.65,19277.87,11734.562235,119355.0,19423.7403917112,2022-10-18
19278.47,19309.0,18909.3,19184.05,9662.520774,96766.0,19152.2275248974,2022-10-19
19183.56,19341.05,18937.03,19047.54,8735.195051,86983.0,19143.8834002427,2022-10-20
19045.03,19249.99,18664.09,19151.49,9705.541033,84379.0,19026.7185743742,2022-10-21
19151.14,19257.11,19133.23,19187.96,1854.600802,23979.0,19190.5776980215,2022-10-22
19187.96,19695.3,19078.69,19337.51,7976.612457,72931.0,19435.0268870276,2022-10-23
19335.98,19454.31,19151.2,19341.92,9627.931284,92812.0,19323.8301240124,2022-10-24
19341.92,20417.49,19241.47,20209.17,18377.284756,167610.0,19954.0645303742,2022-10-25
20210.01,21022.62,20129.0,20805.83,23828.080042,198068.0,20684.3102261716,2022-10-26
20807.23,20877.31,20163.93,20253.35,16950.62296,161865.0,20532.430373566,2022-10-27
20252.87,20827.93,20015.0,20686.46,13953.053713,132903.0,20464.9370993697,2022-10-28
20686.46,21089.07,20627.94,20749.99,9177.617324,94578.0,20828.5018662734,2022-10-29
20752.2,20935.0,20433.0,20566.72,7457.393394,81208.0,20674.7137654151,2022-10-30
20565.41,20838.64,20240.01,20493.6,10159.303868,121991.0,20496.8976409626,2022-10-31
20494.13,20697.71,20326.57,20516.85,7903.475923,91151.0,20490.7234932507,2022-11-01
20517.64,20803.22,20058.43,20355.0,15956.764939,150751.0,20422.0829388993,2022-11-02
20357.26,20385.93,20035.28,20330.46,7576.277584,100873.0,20238.9545674793,2022-11-03
20325.99,21479.0,20318.71,21368.32,13777.642981,174978.0,20910.4548483385,2022-11-04
21369.76,21446.36,21190.75,21231.2,4452.259192,55626.0,21313.2592635391,2022-11-05
21230.91,21307.67,20815.0,20850.52,5379.711626,85437.0,21067.2795570945,2022-11-06
20848.5,20903.06,19350.0,19709.07,13053.092915,157729.0,20332.9459143981,2022-11-07
19708.85,20677.1,17600.0,18391.9,23946.119195,279343.0,19249.8256191034,2022-11-08
18391.72,18447.49,15567.0,16681.8,20431.392018,253677.0,16939.4255328781,2022-11-09
16680.18,18154.76,16156.36,17310.0,14784.3101,210159.0,17349.4975882847,2022-11-10
17305.8,17502.58,16330.17,16661.27,13467.295266,189155.0,16957.5469950148,2022-11-11
16660.22,16965.08,16637.83,16829.64,3757.965157,61433.0,16819.1282145728,2022-11-12
16826.24,16838.86,15790.46,15832.13,5379.3093,102126.0,16301.2148357058,2022-11-13
15835.29,17130.04,15816.45,16637.69,4507.093337,123495.0,16565.518608464,2022-11-14
16634.54,17100.0,16595.02,16903.02,6870.477971,119611.0,16871.6763631543,2022-11-15
16906.55,16921.7,16367.32,16571.05,5558.002263,89529.0,16584.1215677405,2022-11-16
16564.76,16982.5,16419.0,16791.3,5272.557031,78504.0,16694.3565559692,2022-11-17
16793.55,16837.0,16526.93,16580.8,4085.711602,69502.0,16657.6710373434,2022-11-18
16577.4,16803.36,16546.86,16667.88,2223.43671,36166.0,16662.1652243927,2022-11-19
16668.14,16716.74,15876.89,16205.09,5329.602884,81485.0,16307.8667387063,2022-11-20
16205.09,16257.9,15468.58,15781.17,9542.308548,112773.0,15905.5949927971,2022-11-21
15782.19,16572.75,15599.93,16445.38,9081.783727,108559.0,16116.9358827098,2022-11-22
16445.38,16790.0,16300.92,16638.24,8047.910575,100477.0,16539.5054445485,2022-11-23
16642.7,16706.26,16340.0,16347.57,5100.860089,71166.0,16539.1751960309,2022-11-24
16349.43,16688.0,16326.8,16615.59,3272.342542,47458.0,16520.4010493056,2022-11-25
16615.6,16672.23,16381.63,16528.64,1938.452557,37401.0,16522.7688863115,2022-11-26
16529.86,16586.3,16043.48,16158.06,3851.917174,60673.0,16357.0603315657,2022-11-27
16158.08,16526.86,15990.1,16474.07,8539.562065,106229.0,16231.2288190166,2022-11-28
16473.7,17080.25,16325.2,16859.03,8837.023845,121722.0,16649.1010561726,2022-11-29
16861.3,17244.0,16707.41,17112.2,9202.327843,135573.0,16982.7296572436,2022-11-30
17112.8,17312.76,16858.78,16936.52,5872.0494,109770.0,17010.9972709263,2022-12-01
16936.52,17162.67,16793.12,17018.69,5166.704379,105954.0,16974.1000247439,2022-12-02
17018.69,17072.67,16862.77,17015.51,3323.272891,57416.0,16955.830792504,2022-12-03
17019.21,17424.31,16911.06,17344.37,6008.05676,100723.0,17143.0768793409,2022-12-04
17344.37,17389.03,16870.58,16978.02,7324.949316,119394.0,17089.2820433443,2022-12-05
16976.05,17138.6,16908.65,17006.81,5178.739307,96054.0,17002.5699160728,2022-12-06
17006.5,17007.96,16669.0,16818.59,4495.869415,89274.0,16823.3715361383,2022-12-07
16817.15,17298.59,16741.67,17219.55,4976.521223,99208.0,17077.0198084524,2022-12-08
17218.75,17350.45,17068.92,17135.44,3622.473632,69631.0,17166.330092216,2022-12-09
17134.87,17228.61,17095.9,17173.03,1574.192961,33742.0,17160.5276564528,2022-12-10
17175.43,17270.31,16875.0,16946.66,3327.022857,62559.0,17062.3787825975,2022-12-11
16944.9,17240.0,16902.87,17190.04,3571.157085,74042.0,17067.5241236322,2022-12-12
17192.04,17988.8,17085.0,17787.6,7093.527259,159779.0,17690.8227419944,2022-12-13
17787.69,18379.3,17557.42,17718.06,12695.134078,182728.0,17915.4190268009,2022-12-14
17716.82,17746.31,17283.19,17410.24,6770.795907,102212.0,17475.3264478356,2022-12-15
17408.84,17528.68,16534.69,16691.8,10094.6609,138301.0,16925.1194336229,2022-12-16
16696.39,16802.48,16650.0,16740.59,2733.905799,55235.0,16718.0644543657,2022-12-17
16741.89,16850.83,16631.45,16708.35,2632.542393,50054.0,16735.9277411012,2022-12-18
16707.76,16873.46,16288.0,16790.0,7144.991841,103134.0,16626.1558432852,2022-12-19
16789.91,17050.56,16718.29,16833.87,5586.092285702,81516.0,16851.7710485027,2022-12-20
16835.81,16919.68,16731.85,16824.59,2983.0164377,48439.0,16823.0506317753,2022-12-21
16827.22,16891.26,16564.69,16821.83,4156.739811111,68488.0,16749.3386761693,2022-12-22
16822.3,16941.04,16748.44,16821.65,3483.009282718,58160.0,16830.1346522976,2022-12-23
16823.21,16860.0,16805.0,16830.0,1306.340383583,24401.0,16831.2315693389,2022-12-24
16831.81,16918.59,16729.2,16856.15,2106.879832935,39852.0,16819.0134794838,2022-12-25
16856.15,16972.2,16792.93,16872.13,2231.66681558,44486.0,16864.1933785428,2022-12-26
16872.72,16890.0,16562.85,16599.15,4078.846778157,70487.0,16722.2696322588,2022-12-27
16597.1,16775.1,16465.58,16573.15,4341.727683969,72551.0,16595.3370606559,2022-12-28
16573.15,16655.05,16512.71,16550.57,3029.561520752,60558.0,16600.5173166025,2022-12-29
16547.4,16641.27,16355.0,16532.87,4021.30110699,68911.0,16518.2295196063,2022-12-30
16534.08,16632.33,16466.86,16522.29,2451.303965503,46865.0,16546.4119349718,2022-12-31
16525.0,16695.31,16495.06,16642.78,1651.559056837,34627.0,16578.5604866654,2023-01-01
16644.37,16779.0,16630.47,16718.82,2285.656433051,41468.0,16708.4519332608,2023-01-02
16721.01,16900.0,16600.0,16850.59,3790.536364256,64904.0,16722.3149669467,2023-01-03
16852.62,16984.54,16760.57,16840.5,4847.939963443,81942.0,16848.8578438445,2023-01-04
16838.47,16873.28,16755.45,16803.47,2580.410942528,57481.0,16822.7081365567,2023-01-05
16803.36,17022.87,16675.0,16926.62,4927.378570204,68356.0,16847.1496301761,2023-01-06
16926.6,16949.0,16900.9,16936.0,1044.522619881,20189.0,16925.4861208911,2023-01-07
16935.27,17248.53,16910.0,17196.67,4781.20340018,60226.0,17095.0696564978,2023-01-08
17198.94,17387.05,17126.73,17221.37,6368.899439559,89030.0,17245.5550651889,2023-01-09
17221.1,17500.0,17182.07,17402.92,7089.789337217,85549.0,17355.3076257628,2023-01-10
17401.42,18350.0,17312.68,18079.38,11653.487204555,130595.0,17807.7990060013,2023-01-11
18079.4,19109.28,17919.62,18780.68,17774.752564613,203169.0,18422.7280309437,2023-01-12
18780.19,21239.83,18775.69,20826.93,20324.633774182,255132.0,19722.3034017406,2023-01-13
20826.92,21170.88,20224.24,20736.04,10596.747113762,188612.0,20753.5085609141,2023-01-14
20734.08,21420.56,20558.86,21175.0,6440.117066462,133996.0,20892.9667198177,2023-01-15
21175.01,21446.81,19800.0,21144.04,6756.985639889,149650.0,21075.9506213222,2023-01-16
21144.89,21547.99,21030.0,21298.05,4787.181051652,116767.0,21228.9076740063,2023-01-17
21292.67,21620.0,20373.11,20807.07,6518.014826508,153782.0,20967.9307088279,2023-01-18
20809.0,21200.0,20644.4,20975.45,4359.048231743,86526.0,20948.5798534734,2023-01-19
20974.85,22798.4,20861.95,22566.09,7433.250205117,141639.0,21861.1226348542,2023-01-20
22570.6,23349.81,22549.27,22871.9,8475.329693194,177009.0,22974.9440911487,2023-01-21
22867.27,23071.60533994,22290.04,22715.61,5343.036867333,114649.0,22726.7601255688,2023-01-22
22719.69,23164.32,22436.55,23113.1,5717.75410641,129390.0,22902.0836738053,2023-01-23
23110.16,23148.86,22299.0,22674.1,6134.525416188,146361.0,22804.5735012552,2023-01-24
22671.72,23815.12,22340.48,23147.84,7440.383848797,161650.0,22887.1553008849,2023-01-25
23149.46,23246.84,22555.0,23035.01,4695.582809722,117647.0,22974.0926829125,2023-01-26
23038.98,23506.3,22843.07,23065.86,5122.770376987,112984.0,23089.6806840782,2023-01-27
23065.95,23459.2,22883.23,23252.71,2586.273837999,64372.0,23111.8923027082,2023-01-28
23256.07,23964.19,23158.87,23733.59,4727.329275303,104432.0,23635.0107095649,2023-01-29
23737.25,23754.5148,22502.2,22760.84,5542.740309703,131375.0,23003.1654588548,2023-01-30
22762.82,23297.99,22742.52,23117.08,4163.439135897,92982.0,23056.8166594368,2023-01-31
23116.63,24250.0,22799.97,23815.12,8181.275352636,152975.0,23528.9668555035,2023-02-01
23815.1,24143.55,23417.71,23530.57,7416.70379517,148146.0,23754.4381230093,2023-02-02
23528.0,23725.0,23217.28,23313.78,4725.713284184,103491.0,23459.0707024243,2023-02-03
23311.37,23588.17,23242.44,23391.58,3056.415061512,79084.0,23386.8417087073,2023-02-04
23388.66,23436.93,22759.78,22900.14,4233.794640688,91260.0,23051.8678874943,2023-02-05
23766.0,24524.0,17020.33,22938.35,3528.945718638,76279.0,22925.40123618,2023-02-06
22938.96,23444.91,22770.0,23227.3,6680.337960752,139277.0,23102.6945005755,2023-02-07
23227.02,23600.0,22029.0,22602.55,7774.338633646,173185.0,22859.4270360347,2023-02-08
22604.8,23604.0,21567.0,21806.29,8019.140837317,156983.0,22228.1935349638,2023-02-09
21801.41,21934.29,21477.04,21678.62,6348.70854886,126406.0,21728.667370525,2023-02-10
21678.62,21909.0,21620.6,21803.34,1940.978986591,38267.0,21750.664401112,2023-02-11
21808.05,22092.46,21636.1,21842.45,4952.118946581,88768.0,21837.7474850841,2023-02-12
21842.45,21902.6,21369.2,21745.88,6259.650652975,124962.0,21660.7931703981,2023-02-13
21745.86,22329.67,21566.47,22139.52,8308.415033808,130151.0,22013.5388030903,2023-02-14
22138.39,24902.49,22098.53,24683.0,11871.5425985,214793.0,23554.2425444104,2023-02-15
24684.7,25220.0,23328.15,23711.18,6593.755099845,182223.0,24269.774365347,2023-02-16
23711.17,25014.65,23546.5,24639.12,7481.796878732,211612.0,24234.7091941481,2023-02-17
24639.17,24877.44,23329.0,24762.47,2095.196848584,67479.0,24669.4761155266,2023-02-18
24757.54,25199.59,23851.31,24491.96,6983.565998724,150615.0,24537.8579769237,2023-02-19
24494.27,25100.0,24379.0,24952.4,5183.960612938,128405.0,24847.470084275,2023-02-20
24945.5,25250.0,23864.51,24105.82,10395.017621316,234359.0,24519.7221294667,2023-02-21
24104.67,24602.09,23578.95,24395.26,9480.860921822,177470.0,24016.2665584852,2023-02-22
24399.31,24492.01,23615.0,23901.69,8129.454497403,178239.0,24009.1824517639,2023-02-23
23904.38,24012.8,22852.34,23046.99,7898.405163543,177823.0,23378.8278737144,2023-02-24
23042.99,23259.27,22766.0,23134.99,3870.168226649,74401.0,23038.5340771676,2023-02-25
23132.03,23684.52,23098.93,23389.35,4710.406916611,90182.0,23417.5728942537,2023-02-26
23389.56,23896.6,23111.9,23370.0,6259.589357335,116499.0,23463.8455032474,2023-02-27
23376.54,23841.55,23015.1,23694.0,5381.254027701,123088.0,23380.6695155368,2023-02-28
23694.0,23994.59,23307.21,23452.86,5905.611791537,130662.0,23645.2838765901,2023-03-01
23454.26,23564.22,22001.0,22351.67,7587.048899941,145955.0,23003.2375405261,2023-03-02
22347.96,22494.06,22149.87,22330.25,4906.281461782,92731.0,22346.8499534151,2023-03-03
22327.95,22653.31,22159.79,22423.3,3446.367280007,66146.0,22380.6104469645,2023-03-04
22423.21,22553.33,22267.58,22373.17,3129.253301896,56026.0,22410.3082444619,2023-03-05
22373.04,22603.25,22319.0,22460.1,3227.629137511,48190.0,22445.2167753226,2023-03-06
22459.02,22481.2,21851.64,21946.62,7557.162302822,105538.0,22190.3900277901,2023-03-07
21953.91,22220.77,20254.251199652,21731.355,5884.401787109,93469.0,21956.7172160043,2023-03-08
21733.01,22103.066944652,19775.37,19990.94,10740.337868168,206220.0,20642.8770929439,2023-03-09
19991.3,21474.480199652,18700.7425,20442.2,13747.638194898,277024.0,20063.9013759393,2023-03-10
20449.21,21406.485199652,19900.0,20542.763585,5677.206728908,152418.0,20384.1557646058,2023-03-11
20540.16,23491.85,20439.99,22393.38,9541.141897172,276799.0,21539.5922565302,2023-03-12
22388.9,24577.92,21579.345095,24539.36,11039.890532825,339762.0,23432.7957745446,2023-03-13
24540.48,26476.04,24000.0,24908.77791418,16448.397662148,397836.0,25065.0546346827,2023-03-14
24911.09,25307.014951875,23930.0,24345.77,17454.016425822,397565.0,24569.7712398497,2023-03-15
24349.16,25964.0,24309.4,25734.1071365,15346.647827864,338912.0,24979.8043620084,2023-03-16
25733.0,27830.0,25671.19,27406.44,12347.198428524,320552.0,26777.7024412055,2023-03-17
27404.68,27689.27,26657.61,27204.69,6952.487525414,192406.0,27308.0638156303,2023-03-18
27204.38,28464.43,26905.0,27543.98,11519.710381213,293606.0,27831.7857204305,2023-03-19
27539.12,28560.8,27452.72,28011.82,12962.542452951,330557.0,28008.0684430722,2023-03-20
28014.26,28500.0,27406.01,28295.6755768,10486.456522577,273102.0,28100.369854677,2023-03-21
28293.67,28900.0,26685.0,27357.989935,17223.586996967,571893.0,27890.0359663502,2023-03-22
27360.42,28772.68,27350.20261315,28190.806758,14647.854501316,516449.0,28088.6952468996,2023-03-23
28188.76,28389.461,27084.27,27581.246515,11763.704840976,369643.0,27837.4454435879,2023-03-24
27582.0,27850.0,27180.0,27543.78,7272.502520506,193385.0,27507.418021398,2023-03-25
27546.35,28238.07,27497.32703453,27948.1502189,8621.628078325,252241.0,27874.8730830735,2023-03-26
27947.8,28010.46,26540.0,26979.59325,12171.85436584,385206.0,27302.853837987,2023-03-27
26992.83,27622.24,26651.0,27580.86,10803.710470048,415987.0,27140.6829783039,2023-03-28
27580.86,29189.54,27511.29946356,28594.44,17067.696131087,580821.0,28415.666427912,2023-03-29
28599.03,28788.152505835,27719.21,28193.24,13820.118959018,339968.0,28282.5004304827,2023-03-30
28195.37,28824.8,27529.53,28588.44,10207.674663307,238493.0,28264.4919799011,2023-03-31
28588.76,28606.26333293,28257.82,28401.2812,3839.809716387,91885.0,28443.3916990163,2023-04-01
28404.32,28508.68,27579.82,27724.34035292,6978.602090308,144643.0,28061.948806823,2023-04-02
27723.97,28522.0,27300.0,27832.8676,14204.077005378,234556.0,28033.0461252586,2023-04-03
27827.33,28786.01,27823.59,28509.5934973,10373.670852336,168045.0,28262.4459735338,2023-04-04
28518.32,28752.57,27861.98,28089.42,8960.797699489,150045.0,28228.5606624859,2023-04-05
28086.02,28233.965,27724.33,28037.78103173,6362.072835926,105845.0,27997.279096868,2023-04-06
28042.19,28080.08,27782.43,27999.9794569,4015.888266731,82857.0,27924.3359456564,2023-04-07
28000.11,28180.0,27885.74,28060.885825,2321.598404341,45656.0,28027.7627226269,2023-04-08
28055.09,28551.55,27817.06,28259.98,4613.390768559,73562.0,28170.552366733,2023-04-09
28261.6,30442.56,28155.3093783575,30135.24225,11200.701133153,162965.0,29309.7284147988,2023-04-10
30132.76,30566.97,29810.74,29996.1628,8704.596567429,134807.0,30147.9451904023,2023-04-11
29995.67,30500.0,29698.05,30081.6026415,6767.991583559,143640.0,30058.6152831762,2023-04-12
30089.14,30931.0073982,29844.9483631885,30739.062565,8896.604314699,176811.0,30437.6018313909,2023-04-13
30740.07,31049.99,29989.96,30387.692417,9085.650684691,177380.0,30514.5009608404,2023-04-14
30384.86,30573.3973172175,30157.85,30328.77,3450.189534846,83484.0,30362.6436367073,2023-04-15
30331.71,30571.93,29805.39,30020.0023159,5066.188161238,95674.0,30270.4794514259,2023-04-16
30021.25,30167.095685401,29118.04,29512.00315845,6956.835093664,110222.0,29539.300758247,2023-04-17
29514.67,30498.99,29503.80875,30217.17997,8187.363983937,127759.0,30167.6564810764,2023-04-18
30223.3,30344.205560231,28591.0,28903.5682585,9837.953414187,173514.0,29296.739304652,2023-04-19
28915.17,29102.49,27996.98,28262.08545,8749.988062385,142617.0,28496.3697737416,2023-04-20
28255.09,28324.38,27156.84,27370.65487,7112.208950671,121635.0,27834.987085967,2023-04-21
27369.35,28079.916282246,27218.64,27625.79047815,3431.306921162,71938.0,27582.4970048361,2023-04-22
27619.32,28014.46,27344.2141083,27726.628595,6306.257287378,102760.0,27624.6379696981,2023-04-23
27720.25,27783.28,26975.61,27432.28,7524.658705077,118898.0,27419.7763454988,2023-04-24
27432.28,28603.497840503,27208.300644705,28350.3305,7514.281863155,132001.0,27834.178510425,2023-04-25
28347.67,30046.27,27261.01,29119.0,18220.45022917,294221.0,28896.3505897838,2023-04-26
29119.0,29912.28,28646.88,29537.16,12428.400177452,191194.0,29293.5992609672,2023-04-27
29542.61,30236.381845,28922.03,29418.96769555,5359.938635627,89534.0,29297.2153736201,2023-04-28
29422.55,30264.74818,29082.47,29250.01304207,1872.162764733,41237.0,29292.2126337946,2023-04-29
29247.41585,29985.57,28410.56,28596.724675,5635.676745396,106439.0,29291.2840269676,2023-04-30
28592.33,28745.05984,27690.27,27982.176006395,7036.519507334,138520.0,28227.2219253955,2023-05-01
28001.15,28933.38,27935.07,28560.768,5977.436116576,156040.0,28512.6392446503,2023-05-02
28566.64,29301.54,28166.26,29158.314958215,8937.83216316,193702.0,28695.6128807025,2023-05-03
29151.48,29591.8,28700.0,29284.95,6220.155063225,139845.0,29071.5597532195,2023-05-04
29288.42,29912.14,28820.0,29517.24,5799.730311611,121489.0,29459.161103819,2023-05-05
29517.24,29642.5668870935,28500.0,29068.181707615,4245.66563913,90374.0,29082.9313856369,2023-05-06
29075.99,29389.88,28820.75,28852.82155122,4518.050730932,92184.0,29130.3262987329,2023-05-07
28857.5,28924.0,27669.4,28181.8225,7000.442116224,136755.0,28166.8096200648,2023-05-08
28195.28,28514.04,27625.78,27745.5222405,2832.52074077,71862.0,28107.3670684993,2023-05-09
27745.0,28356.27,26834.655,27551.23,3527.882047492,96911.0,27772.1730469359,2023-05-10
27549.85,27868.3355590955,26600.0,26739.62,2648.941765892,72149.0,27101.3561629805,2023-05-11
26739.62,27534.5575590955,25869.675215,26800.59,3427.11922793,102817.0,26515.5133986503,2023-05-12
26804.8765,27130.9971835,26603.85,26838.24,1354.471570672,54438.0,26837.7885994821,2023-05-13
26838.24,27383.05015,26750.5,27296.35,1833.544096326,57970.0,27002.832961748,2023-05-14
27295.72,27652.0,26866.0,27120.7,2820.540943284,76358.0,27316.180213963,2023-05-15
27115.44,27532.8442195,26900.0,27073.53,2181.423104539,72324.0,27062.8918110549,2023-05-16
27073.53,27825.1524185955,26555.0,27301.5605,2547.094692315,77379.0,27064.0875130385,2023-05-17
27296.2,27700.9485590955,26405.7,26882.266955,2874.320505672,86709.0,26990.0918248507,2023-05-18
26885.83,27552.7953040955,26633.6,26876.1295,1606.162198457,64269.0,26892.3338910049,2023-05-19
26876.99,27646.5288740955,26828.3,27133.713,1056.129258714,36530.0,27048.2834629347,2023-05-20
27131.51,27465.3422301955,26556.7,26715.26376789,1929.028952869,58953.0,26812.0769445309,2023-05-21
26713.72,27430.0,26700.1,27370.0,2315.176264175,91689.0,26970.7562645043,2023-05-22
27370.0,27740.4085590955,26473.0,26840.6373747,1941.70494492,89943.0,27180.737433609,2023-05-23
26842.26,26900.8824665945,25919.52,26264.798075585,2762.950786499,80112.0,26421.781225025,2023-05-24
26264.14,26635.9,18372.569720234,26460.4053175,1873.22079972,62948.0,26393.3399905821,2023-05-25
26455.09,27442.4681659805,18372.569720234,26787.215595,1532.617118345,53080.0,26682.7919818461,2023-05-26
26785.0,27484.6985590955,18527.672925,27197.036815,1123.210431103,40234.0,26927.4279306988,2023-05-27
27201.29,28448.97,27144.72,27960.15,2141.707128914,75745.0,27776.6354813985,2023-05-28
27961.07,28069.96,27536.59,27804.888197955,1530.286353462,54622.0,27782.7449339852,2023-05-29
27808.49382385,28072.384331545,27267.0,27278.28,1921.489354731,67385.0,27754.0429307633,2023-05-30
27275.0,27350.0,26645.16,26840.117,2413.026164725,106293.0,27055.2956657556,2023-05-31
26825.65875477,27170.941238572,26530.25,27075.75,2348.597364132,89818.0,26885.3438900343,2023-06-01
27075.71,27323.4873421,26864.0,27172.0194345,1822.960389315,73917.0,27108.0917069793,2023-06-02
27171.75408145,27354.646,26940.0,27070.06968,966.101844125,45056.0,27140.6033651314,2023-06-03
27068.38,27471.04,26789.0,26865.24,1695.203938128,69886.0,27134.1662091732,2023-06-04
26860.01,26871.863,25439.54,25862.328996,3580.949689442,134960.0,26071.9153537687,2023-06-05
25860.36,27799.11,25417.21442642,27320.6197,3977.885163358,171274.0,26587.1840408956,2023-06-06
27335.09,30637.9,22880.636573363,26408.45,2084.926577722,91788.0,27600.3639482594,2023-06-07
26718.38,26933.5,26289.1703045,26499.11841,843.487725971,44068.0,26556.7665513751,2023-06-08
26519.89,26761.695208524,25592.4369542,25773.4272,1074.256367242,70096.0,26487.8309770722,2023-06-09
25802.0,26223.3391,25410.561565,25745.59268,915.360571241,55215.0,25842.2705659999,2023-06-10
25821.78,26370.88,25639.69605,26090.3,619.336306942,40855.0,25996.2800153273,2023-06-11
26090.0,26384.99,25664.9932885,26056.055228855,679.209009502,55276.0,26088.5028661667,2023-06-12
26278.01,27293.76,25624.2788,25983.5725,511.003617364,39815.0,26346.3186587766,2023-06-13
26280.5,26379.97,24793.6512659715,25009.352501475,28.680254896,2374.0,26229.0572410787,2023-06-14
25009.5060366,25743.36298925,24766.09454278,25500.24046085,2.360903135,214.0,25037.7445828972,2023-06-15
25506.484325,26467.2238003695,25169.61125,26340.003161694,0.946293909,173.0,26068.0673356245,2023-06-16
26336.956895694,26843.009766531,26317.1938703,26530.2511,0.485265473,89.0,26544.7432762548,2023-06-17
26536.89,26706.564796,26261.0168995,26430.71413,0.239507954,77.0,26539.8651041079,2023-06-18
26430.76551648,27181.95307475,26304.431814816,26958.0177115,4.379666396,158.0,26720.8875175128,2023-06-19
26954.73166745,28979.621122595,26647.00056,28784.33973,3.283946322,217.0,27909.5211491728,2023-06-20
28768.81585327,30789.9,28756.9934525,30364.929915,7.526770841,401.0,29567.5703666213,2023-06-21
30348.9895,30353.48739055,29491.887042,30006.34696,1.994160912,136.0,29823.8459068838,2023-06-22
30002.65,31596.8255209475,27464.5,30740.9310421,3.673697766,294.0,30805.0470718266,2023-06-23
30736.1974507,31066.14705,30267.48545,30903.09273564,0.150683377,68.0,30647.8453091717,2023-06-24
30910.2261865,31012.04922,29804.93,30253.820075,0.842758838,104.0,30451.1496816747,2023-06-25
30256.852,30667.5066555,29829.85237813,30355.602,1.659260073,193.0,30296.7186989404,2023-06-26
30355.175,31007.5458055155,30178.0291169885,30473.6848468,1.272925543,109.0,30621.1801710427,2023-06-27
30481.55837929,30496.7585125,29520.479520479,30227.6536395,1.124224071,126.0,30191.6202890887,2023-06-28
30218.2525,31282.2542646,30151.55989696,30910.459844255,2.546875748,101.0,30566.0788463732,2023-06-29
30844.441995,31544.40585,29380.810331,30388.47445569,6.466380625,247.0,30111.2955305991,2023-06-30
30385.895956,30710.060945,30374.97,30529.743525,0.544617957,100.0,30565.780444418,2023-07-01
30528.37,30813.870461679,30231.36435,30701.6205105075,1.010968445,104.0,30540.5968780593,2023-07-02
30697.0715105075,31390.039548221,30485.7,31056.9905094905,1.339711015,197.0,30950.9446485936,2023-07-03
31063.25735,31123.8403,30629.9067,30842.05240964,0.421326377,79.0,30957.1352892724,2023-07-04
30841.5055,30883.247817,30204.959,30457.98348348,1.431555108,364.0,30443.6923107624,2023-07-05
30467.4518,31531.531531531,29687.3,30093.459,5.359088767,487.0,30280.1804765723,2023-07-06
30103.1302781,30623.55989768,29938.14,30247.841052705,2.656989267,123.0,30327.4361388513,2023-07-07
30232.27415,30425.785775,30049.681677495,30273.59385,0.052460776,59.0,30239.556096783,2023-07-08
30281.8,30526.9385915915,29977.954375,30125.180225,0.071774392,97.0,30250.1981810039,2023-07-09
30120.52365,31030.4725988945,30016.735575,30450.38568105,1.402192616,198.0,30436.0114864978,2023-07-10
30453.807938,30803.342967205,30307.113967925,30633.203369689,1.990794722,181.0,30646.732205623,2023-07-11
30629.448369689,30945.3044298695,30214.17203,30296.70005,2.004634019,170.0,30488.2911042998,2023-07-12
30301.4251645,31786.06427322,30257.18229504,31408.257,2.678284295,392.0,31001.7401803834,2023-07-13
31406.5482337,31419.65964,29923.426238925,30309.106042375,3.596378432,253.0,30955.0355687357,2023-07-14
30309.3171215,30660.821599125,30071.5981,30165.9867115,0.88071029,59.0,30346.9333014093,2023-07-15
30164.963325665,30457.791,30135.7923,30310.22449535,0.525698615,43.0,30272.8265244256,2023-07-16
30315.34710625,31797.2202969855,29671.85,30130.69602335,15.352476314,206.0,30886.1348457661,2023-07-17
30123.133758,30228.447767,29547.95785,30106.7469594985,0.809777436,140.0,29940.0083521173,2023-07-18
30112.2907429985,30139.99499,29770.616666,29965.6834585,0.431992188,83.0,30043.0148364938,2023-07-19
29964.9405841,30419.156361355,29584.702977,29871.765655,3.57073632,149.0,29978.5966945669,2023-07-20
29871.98511,30148.6975,29744.3773841395,29894.213314,1.051354243,109.0,29819.2780718415,2023-07-21
29886.972105895,29994.4572082,29648.4978384,29918.1685,0.558645553,68.0,29889.6522715659,2023-07-22
29916.9485,30355.45930747,29672.702016,29797.62,0.783829315,84.0,30030.0082288441,2023-07-23
29796.01785805,29921.4811829,28869.6209865,29095.0015,4.600208685,169.0,29271.78602521,2023-07-24
29099.908584,29405.1989375,29088.75728,29207.229923465,0.736728954,132.0,29237.2493099054,2023-07-25
29199.89624575,29681.22,28902.64733,29488.8623882,4.864457762,120.0,29200.4525543003,2023-07-26
29489.752,29623.66573,29087.09581,29260.589371,3.06027585,118.0,29461.030090433,2023-07-27
29259.88369128,29535.3531,29120.0628674,29385.4955736,0.744900247,94.0,29339.5907615552,2023-07-28
29381.68264139,29398.8011,29248.0,29324.7433435,0.206869428,51.0,29330.1347576765,2023-07-29
29330.6679242,29654.4136049,29035.370254565,29398.568237,3.255520563,57.0,29381.2528437687,2023-07-30
29400.6288338,29485.15,28799.88888,28851.76240562,1.530899635,194.0,29262.0739688737,2023-07-31
28855.49538118,30016.816015015,28584.43010485,29661.684474645,1.652534254,166.0,29156.7028788518,2023-08-01
29654.129571,29681.199142,28940.6962,29114.44555,2.34505246,91.0,29238.3585235912,2023-08-02
29117.70265329,29394.4627985,28940.3034375,29185.801370945,0.096099942,75.0,29257.3333405075,2023-08-03
29185.801370945,29309.5032818,28790.34234855,29018.82687595,0.217930268,129.0,29178.6634078313,2023-08-04
29012.282466,29087.45822617,28926.82511559,29045.2853705,0.097313284,41.0,29021.0719365416,2023-08-05
29046.54605,29187.0113185,28954.833,29136.319035,0.113366619,40.0,29057.5971246769,2023-08-06
29131.6111725,29298.448128,28701.41465,29187.63972,2.144573947,92.0,28930.7676039175,2023-08-07
29180.9199,30219.4712,29030.604534005,29742.748803,1.331946224,100.0,29795.0985543872,2023-08-08
29747.776682,30122.4842516,29351.337095,29515.61051206,0.863070989,89.0,29659.9338463757,2023-08-09
29517.7155,29711.43495,29317.24134156,29375.637461835,0.245970939,81.0,29487.2656138148,2023-08-10
29375.251240705,29534.44,29226.10497345,29396.64036,0.441613205,56.0,29372.9206983521,2023-08-11
29388.129949,29518.4846353645,29323.25679,29369.001,0.042660519,32.0,29449.4486616621,2023-08-12
29374.040770545,29456.3186961,29079.24922,29381.81588,0.15786149,37.0,29362.030448934,2023-08-13
29380.698,29667.4002815,29255.75,29341.6149308395,0.587283823,156.0,29439.9115617717,2023-08-14
29346.7867252395,29456.468267,29076.25620225,29187.9359293,1.142521342,115.0,29253.1907111868,2023-08-15
29182.1651,29209.01861,28337.1755,28614.713778,1.17686248,158.0,29033.0370748849,2023-08-16
28610.144547025,28940.178014411,20843.672456575,26264.361548495,9.704489025,625.0,26911.2522190354,2023-08-17
26254.5265,26605.9895,25638.125472,25977.763,3.729138733,190.0,26158.0716839841,2023-08-18
25984.06694,26269.5952695945,25794.66770785,26115.145,1.075731104,88.0,26023.0296609251,2023-08-19
26102.137,26294.6,25994.5765,26056.2,0.656650046,69.0,26123.135368928,2023-08-20
26053.6935,26588.8578371625,25860.47,26009.4185,1.927048348,151.0,26045.5983490992,2023-08-21
26012.08,26170.1005,25518.165,26042.399,4.265630649,161.0,25865.1158004372,2023-08-22
26041.8835,26786.862,25801.164,26448.935,3.257675463,131.0,26298.9762315662,2023-08-23
26452.36,26561.095,25940.4475,26019.89,1.941513775,122.0,26272.9145716894,2023-08-24
26017.478,26288.942,25772.2,26059.72,1.257719568,99.0,26081.6863711218,2023-08-25
26042.84,26077.372,25957.655,26022.1685,0.26476534,60.0,26028.6410300965,2023-08-26
26025.635,26170.5,25981.98,26010.765,0.486811616,73.0,26070.9211601513,2023-08-27
26006.1,26223.8,25873.126873126,26032.6905,2.111866629,152.0,26027.3866573819,2023-08-28
26062.415,29000.0,25919.9035,27436.6925,7.212835893,583.0,26925.728550648,2023-08-29
27450.67,27494.3685,27054.4,27247.2685,4.661561567,156.0,27363.3092121603,2023-08-30
27252.955,27557.645,25693.196,26033.085,2.105294622,121.0,26913.585109071,2023-08-31
26019.87,26135.6185,25324.562,25767.95,2.753695132,155.0,25644.728084664,2023-09-01
25767.85,25970.3015,25754.7,25871.41,4.287266231,161.0,25833.5323228945,2023-09-02
25875.565,26115.1,25812.0,25975.116,5.363935404,259.0,25922.9866038466,2023-09-03
25985.12,26007.358,25550.5,25688.05,3.871083561,204.0,25860.7318152913,2023-09-04
25689.65,25871.432,25631.438,25745.93,6.682910947,296.0,25732.1865093566,2023-09-05
25748.68,25988.4365,25366.03,25803.645,1.395382963,146.0,25654.9037811772,2023-09-06
25800.806,26431.579,25601.835,26309.161,1.468325265,132.0,25815.4799424922,2023-09-07
26338.88,26361.837,25644.9875,25861.055,1.261568748,91.0,25917.8030725534,2023-09-08
25862.37,25941.9275,25764.7865,25829.9685,1.086324754,95.0,25861.5436390531,2023-09-09
25826.91,26008.749,25589.77,25766.3,0.722589743,55.0,25795.5631262745,2023-09-10
25767.6125,25958.7395,24904.443,25751.1,2.049685558,178.0,25459.255605034,2023-09-11
25742.925,26526.505,25619.0,25917.26,2.095026917,184.0,26007.3511229587,2023-09-12
25919.11,26537.7267278565,25845.96,26213.956,0.98363347,125.0,26156.3411169,2023-09-13
26205.45,26829.782,26158.6515,26649.95,1.668892689,115.0,26593.0410565572,2023-09-14
26649.75,26879.191,26221.1275,26563.0595,1.881929461,95.0,26536.4299337664,2023-09-15
26560.039,26618.545,26440.705,26562.576,1.932679362,82.0,26545.4355206287,2023-09-16
26564.9365,26754.975,26404.231,26631.7685,0.454155081,111.0,26572.1527736747,2023-09-17
26635.824,27415.393,26602.27,26853.825,4.354636295,175.0,26997.7498815869,2023-09-18
26857.91,27487.38,26768.905,27084.11,2.545635085,156.0,27073.1044276333,2023-09-19
27073.52,27290.7125,26819.84,27091.783,0.720201495,144.0,27048.1540066971,2023-09-20
27098.49,27099.39,26383.3735,26646.789,0.992430615,127.0,26655.182686673,2023-09-21
26648.87,26733.4615,26505.795,26547.1485,0.41746901,115.0,26612.1242655781,2023-09-22
26545.183,26641.171,26536.275,26569.8,0.452565571,95.0,26578.4786375971,2023-09-23
26573.85,26720.7,26022.555,26142.75,0.570693714,109.0,26284.9255169311,2023-09-24
26130.05,26459.2,26008.6275,26335.55,1.875563824,175.0,26211.1947563977,2023-09-25
26335.4035,26351.2935,26082.013,26231.4,7.226201613,143.0,26228.0251643083,2023-09-26
26233.731,26827.7655,26098.7325,26421.645,3.408034133,126.0,26265.9945186361,2023-09-27
26423.091,27291.35,26361.6955,26969.955,1.332704769,148.0,26708.914077009,2023-09-28
26972.075,27234.47,26700.4355,26926.785,0.636731661,111.0,26922.4298263696,2023-09-29
26924.0935,27091.8318705505,26910.125,27049.385,1.38226701,103.0,26988.8426588045,2023-09-30
27050.96,28156.012,27041.38,28072.53,1.107144746,140.0,27485.8900069461,2023-10-01
28070.23,28577.0395,27316.566,27633.665,1.400474311,170.0,28057.756327896,2023-10-02
27629.5695,27675.13,27168.274,27386.639,0.798294898,121.0,27393.770666068,2023-10-03
27386.198,27875.765,27335.511,27699.144,0.861763646,56.0,27569.0890581628,2023-10-04
27701.965,28131.187,27376.655,27533.952,1.657899797,87.0,27588.2460151609,2023-10-05
27524.6525,28236.633425,27180.7,27929.25,1.630867168,93.0,27922.1728670808,2023-10-06
27924.365,28112.779,27874.8745,27951.1095,0.248988946,45.0,27951.5080871138,2023-10-07
27957.89,28001.045385567,27723.218,27943.19,0.382764847,50.0,27886.7248454693,2023-10-08
27947.95,27950.37,27298.82,27609.457,0.595855225,85.0,27577.1627023243,2023-10-09
27608.92,27723.5289469875,26991.35,27125.933,1.362050436,69.0,27447.9478400838,2023-10-10
27124.6655,27324.7445,26543.0885,26814.499,1.048099727,71.0,26751.1687503904,2023-10-11
26814.13,26918.287,26551.5,26794.97,2.489643152,95.0,26728.6380011641,2023-10-12
26800.8025,27104.013,26673.049,26907.783,0.448728018,75.0,26800.5677419031,2023-10-13
26912.075,26953.372,26800.6735,26884.967,0.432458787,45.0,26868.8877785847,2023-10-14
26880.461,27296.04,26804.24,27263.29,0.394121718,64.0,26987.0851479856,2023-10-15
27263.5155,29789.0,26000.0,28198.33,5.147397218,236.0,28509.9318037467,2023-10-16
28199.175,28992.33215,28131.1885,28731.8835,0.493416435,106.0,28410.5075091126,2023-10-17
28757.648,28861.28,28152.36,28291.2155,0.667324257,65.0,28485.3142211684,2023-10-18
28292.3465,29424.785,28249.644,29329.21,0.473733659,79.0,28650.3762389676,2023-10-19
29340.3625,30189.7,29141.812,29563.0595,3.297854421,119.0,29620.485955622,2023-10-20
29561.3465,30320.2765,29555.0745,29969.0615,1.690812587,60.0,29969.8452527508,2023-10-21
29975.2285,30829.0345,29713.103,30693.226,2.688417999,66.0,30148.161635988,2023-10-22
30669.0095,45400.0,30371.1335,34427.39,12.128474871,226.0,32682.609462565,2023-10-23
34406.5415,34862.275,32340.0,34191.685,5.768479094,190.0,33904.5199252295,2023-10-24
34203.385,35135.935,33720.8225,34701.289,4.380482338,157.0,34589.6127914006,2023-10-25
34721.05,34781.46,33748.0465,34109.1,2.132759662,142.0,34088.7502013278,2023-10-26
34113.5,34252.545,33417.841,34088.6765,1.593084739,89.0,33926.2203174104,2023-10-27
34106.815,34450.0,33943.8,34025.3665,0.445108843,77.0,34208.7548124864,2023-10-28
34009.63,34755.4625,34009.63,34321.405,2.747141431,80.0,34442.6368688977,2023-10-29
34335.438,34862.3,34091.5455,34243.43,5.140191813,138.0,34582.9241580622,2023-10-30
34250.965,34727.545,34060.805,34444.9,0.820919023,110.0,34431.6159646969,2023-10-31
34441.4675,35983.962,34116.698,35484.835,2.219523553,124.0,35034.3181424087,2023-11-01
35486.35,35490.7775,34326.831,34386.025,1.71640219,230.0,34847.3606356153,2023-11-02
34425.75,34865.3,34124.6575,34691.744,2.231631393,113.0,34483.3436153762,2023-11-03
34679.64,35324.835,34601.515,35181.957,2.14535956,63.0,34961.7978458466,2023-11-04
35173.85,35378.095,34509.224,34845.675,1.200081953,61.0,35042.9192315946,2023-11-05
34845.0055,35286.525,34793.49,34913.7825,2.361255495,96.0,35135.6803688936,2023-11-06
34922.551,35928.306,34546.4,35276.515,2.244194739,111.0,35281.0222547889,2023-11-07
35270.4105,36869.7805,35154.81,36589.7905,1.750212472,145.0,35402.0692584446,2023-11-08
36605.9485,37971.2345,36000.0,36768.015,4.86046203,163.0,36926.1141845725,2023-11-09
36753.6635,37525.325,36375.62,37106.4445,1.20648591,103.0,37142.5697295767,2023-11-10
37105.775,37297.198,36781.386,37096.9415,0.343177039,65.0,36964.1245891878,2023-11-11
37117.47,37435.63,36868.9,36947.728,0.697515177,68.0,37121.7156609958,2023-11-12
36935.008,37081.323,36210.3775,36641.4755,1.851182669,196.0,36827.2646637749,2023-11-13
36634.0005,36772.3,32851.0,35620.4765,2.465057711,151.0,35837.1846620825,2023-11-14
35613.21,37986.1,35538.865,37466.8835,3.231529536,504.0,37319.634378213,2023-11-15
37478.7,37632.4,35529.9945,36345.5875,3.444949135,112.0,36425.0906951801,2023-11-16
36369.466,36737.975,35865.38,36360.625,0.715246892,76.0,36289.5875370444,2023-11-17
36348.115,36846.972814695,36255.289,36534.1305,0.076864309,38.0,36613.4402740813,2023-11-18
36544.802,37512.2515,36421.785,37156.3755,0.07318771,57.0,36879.644886811,2023-11-19
37157.445,37764.21,36904.277,37375.538,2.897300088,121.0,37385.9768555011,2023-11-20
37377.015,37515.408,35658.8775,36372.6,4.846137157,108.0,36165.8157508589,2023-11-21
36393.748,37837.67,36247.125,37346.01,2.559339322,85.0,37204.2936645492,2023-11-22
37335.84,37528.21,36925.88,37440.758,0.966737279,54.0,37382.2071593185,2023-11-23
37434.076,38420.7645,37366.885,37829.915,4.317170074,107.0,37895.2876126549,2023-11-24
37843.39,37910.35,37627.85,37803.85,1.350437264,51.0,37779.7696202641,2023-11-25
37805.8,37843.789,37179.25,37315.11,2.52172165,57.0,37574.6634637449,2023-11-26
37323.8355,37472.66,36750.8435,36933.525,1.507728633,119.0,37073.811522462,2023-11-27
36901.035,38404.3875,36901.035,38056.5515,2.416483534,114.0,37965.0139822184,2023-11-28
38053.85,38423.07,37602.688,37895.439,10.206069493,115.0,37894.9599072209,2023-11-29
37894.065,38251.5645,37514.59,38153.885,1.359182186,87.0,37738.3170269592,2023-11-30
38116.2815,39002.916,38082.745,38768.4165,3.718735367,145.0,38625.1480016862,2023-12-01
38756.324,39716.2565,38707.7,39434.945,0.847861433,68.0,39234.6109039657,2023-12-02
39430.86,41541.716,39396.544,41522.473,2.341953486,207.0,39942.0862042495,2023-12-03
41520.945142,42404.79,41176.005,41901.1625,4.533652599,345.0,41573.5694483977,2023-12-04
41902.175,44454.478,41000.0,43658.329,5.242800366,326.0,43373.2859732174,2023-12-05
43663.7,44279.715,43464.0,43991.775,4.391060491,259.0,44003.3686402599,2023-12-06
44017.55,44017.55,42956.384,43431.125,3.412174559,221.0,43403.9506859164,2023-12-07
43421.6085,44741.162,43104.62,44295.3025,2.227009921,236.0,43935.5591109656,2023-12-08
44300.2855,44360.01,43611.945,43895.5735,1.255168942,103.0,43874.9411310527,2023-12-09
43896.81,44059.837,41536.1395,42027.158,3.360317523,105.0,42540.809052303,2023-12-10
42041.86,42490.651,40206.67,41547.545,3.683902044,288.0,41416.0555251533,2023-12-11
41536.59,42067.05,40655.445,41002.75,1.771731833,135.0,41413.9119663814,2023-12-12
40993.394,43434.466,40867.93,42809.2855,1.704485831,151.0,42460.181300802,2023-12-13
42803.065,43415.6555,34724.255,42602.8655,4.331700334,115.0,42974.423763812,2023-12-14
42619.41,43039.016,41678.98,42229.51,1.090353289,104.0,42346.801664565,2023-12-15
42261.2735,42691.494,41769.9185,41863.65,0.954414949,57.0,42202.7688187708,2023-12-16
41905.1495,42360.09,40791.6425,40996.534,0.820840413,174.0,41807.5799837546,2023-12-17
40986.446,43378.4195,40541.6245,42946.9345,3.04540762,186.0,41515.5104457419,2023-12-18
42925.715,43258.773,41814.489,42701.8105,1.735240895,101.0,42447.1203601845,2023-12-19
42712.565,44304.8005,42625.5535,43503.55,3.208473022,122.0,43804.684191522,2023-12-20
43467.513,44253.435,43390.06,44164.6955,1.517859762,94.0,43767.0572530543,2023-12-21
44169.995,44404.6685,43362.05,43626.755,1.628496767,93.0,44099.0679119019,2023-12-22
43672.94,43969.1255,43461.65,43501.845,0.044061275,59.0,43688.9744501471,2023-12-23
43502.365,43889.8205,42607.9808799995,43237.585,1.970811591,137.0,43581.1435100741,2023-12-24
43213.34,43797.4575,42712.3245,42767.37,0.156507323,99.0,43534.8061373063,2023-12-25
42740.0835,42834.2,41787.96,42451.715,4.140447916,185.0,42488.0495930053,2023-12-26
42469.95,43818.374,42395.71,43235.615,4.227928789,215.0,43139.0392495298,2023-12-27
43219.05,43219.05,42168.317,42703.0,3.949964862,154.0,42591.1218518404,2023-12-28
42677.465,43111.11,41552.05,42077.97,7.872202262,133.0,42595.5686641768,2023-12-29
42105.11,42585.069,41536.217,42206.355,1.218781871,93.0,41968.1164721638,2023-12-30
42177.102,42852.7,42103.7605,42225.54,1.06518695,58.0,42523.3458678187,2023-12-31
42212.57,45535.13,42212.57,45223.8355,4.056627503,231.0,44304.6190202106,2024-01-01
45219.15,45906.92,44683.36,45182.585,2.519302014,190.0,45360.6235610503,2024-01-02
45207.93,45647.490306479,40823.7451532395,43216.6015,3.90730356,194.0,42887.9086984023,2024-01-03
43245.398,44783.779,42727.8925,43687.249,1.96273658,134.0,43744.5227686563,2024-01-04
43690.0865,44337.8665,43161.605,43736.8995,2.076535956,133.0,43855.0720907748,2024-01-05
43715.7645,44276.25,43481.62,43910.565,2.055317997,76.0,44010.2499813259,2024-01-06
43914.75,44508.9315,43221.64,43657.9,10.555542238,138.0,44184.949962905,2024-01-07
43661.5,47262.45,43637.095,46736.55,12.439443123,292.0,46481.2846901493,2024-01-08
46755.25,47896.887,45323.59,46000.86,16.615694499,202.0,46650.7057681531,2024-01-09
45997.333,47718.12,44356.9525,46143.635,10.122434201,338.0,45907.5491328298,2024-01-10
46066.185,48971.04,45646.823,46202.215,15.311071881,329.0,47266.0904930778,2024-01-11
46219.165,46369.5425,34406.9478908185,43080.6355,4.614384397,242.0,44446.6202214815,2024-01-12
43102.256,43248.215,42519.6375,42739.917,2.56274324,127.0,42966.4452809605,2024-01-13
42759.175,43065.055,41700.185,42722.313,0.503324517,82.0,42505.2651543164,2024-01-14
42728.035,43325.29,42149.501,42728.0165,6.757627404,139.0,42572.5775476452,2024-01-15
42694.5055,43568.727,42085.5985,42767.521,2.102010853,171.0,42931.7885234801,2024-01-16
42781.35,42914.5,42154.752,42726.2535,1.08642952,96.0,42606.2248337314,2024-01-17
42745.465,42874.6465,40618.37,41159.782,2.68323396,145.0,41932.4999242254,2024-01-18
41130.19,42154.15,40267.465,41610.8715,2.496707193,130.0,40767.3717632251,2024-01-19
41616.795,41836.165,41454.2065,41607.8915,0.314706923,55.0,41618.516486143,2024-01-20
41599.2975,41858.7155,40666.345,41092.515,0.473013269,61.0,41478.9352398229,2024-01-21
41084.6465,41266.54,39421.445,40034.56,1.988394132,156.0,40259.7098629961,2024-01-22
40054.17,40208.63,38529.247,39756.22,3.885810102,183.0,39178.8045122293,2024-01-23
39785.2925,40498.819,39462.8065,39856.7065,2.007844465,126.0,39908.3643079181,2024-01-24
39902.4585,40280.431,39523.62,40083.74,5.087930308,106.0,39929.7906098447,2024-01-25
40081.068,42233.127,39880.232,41740.8645,1.352020352,144.0,41341.6627288534,2024-01-26
41788.121,42836.021,41397.809,42527.756,0.677005854,70.0,41826.5915366373,2024-01-27
42570.619,42675.667,41630.275,42148.587,0.081383655,61.0,42343.2706250639,2024-01-28
42165.1,43790.0,41811.2625,43357.073,1.336654198,125.0,42779.647876982,2024-01-29
43362.3,43851.6825,42672.976,42957.265,1.715270249,100.0,43325.988797038,2024-01-30
42959.08,43712.6295,41844.9105,42103.0,1.267030656,149.0,42702.152868189,2024-01-31
42106.4195,43378.24,41909.9125,43083.16,3.281299052,122.0,42583.3234327585,2024-02-01
43093.8245,43456.443,42531.8585,43153.9,1.012193535,115.0,43005.15928698,2024-02-02
43153.35,43255.243,42847.5285,42875.55,0.333019591,85.0,43043.3664919888,2024-02-03
42872.0165,43103.1335,42241.295,42751.55,0.315973968,66.0,42812.555245111,2024-02-04
42754.63,43519.2575,42292.905,42739.9935,0.606404874,108.0,42849.7427179577,2024-02-05
42733.285,43359.97,42616.552,43000.361,0.865373473,94.0,43087.631090601,2024-02-06
42990.734,44774.8415,42822.265,44547.857,4.170805263,148.0,43354.6508515272,2024-02-07
44541.704,46390.165,44437.9955,46263.479,2.405754015,139.0,45246.0022188719,2024-02-08
46229.18,48201.12,46135.3205,47363.635,3.274467089,232.0,47291.9122718954,2024-02-09
47357.4365,48565.195,46897.846,48260.73,0.371330453,105.0,47542.2050056151,2024-02-10
48278.585,48816.15,47973.71,48093.16,1.372050522,94.0,48165.7464338852,2024-02-11
48091.0,50363.986876574,47720.045,50075.225,7.33873641,319.0,49471.0560291474,2024-02-12
50058.67,50229.191,48374.25,49567.151,1.323785985,170.0,49456.1484201231,2024-02-13
49576.3275,52547.945,49543.28,52003.613,4.096984195,223.0,51777.0826535345,2024-02-14
52020.1085,52849.145,51366.74,52086.6,0.923858663,302.0,52104.6709319233,2024-02-15
52099.562,52584.915,51663.845,51937.665,1.123847273,126.0,51953.2469304757,2024-02-16
51925.2735,52008.9,50659.458,51678.811,1.872284487,103.0,51632.9362919307,2024-02-17
51697.4,52415.448,51427.8,52164.518,0.244831494,389.0,51898.6868581638,2024-02-18
52161.2,52514.223,51383.88,51909.92,0.688697786,156.0,52157.715741,2024-02-19
51912.222,52999.11,50786.6785,51834.07,1.781378109,373.0,51433.7069627108,2024-02-20
51855.59,51896.365,50633.62369727,51513.992,0.214622089,74.0,51056.6853322835,2024-02-21
51510.57,52071.3,50940.171,51228.227,1.509113443,207.0,51547.534354577,2024-02-22
51239.85,51314.8025,50529.505,51054.65,0.625865796,133.0,50884.6547818927,2024-02-23
51045.844,51853.4,50937.578,51674.862,0.105965658,69.0,51361.9715689742,2024-02-24
51643.155,51949.496,51300.2715,51579.764,0.179616307,181.0,51635.126658632,2024-02-25
51585.7005,56974.4,50933.7405,56103.215,4.365615606,818.0,53729.1723640304,2024-02-26
56158.8,57591.604,55863.011,57117.7595,2.566097696,397.0,56962.6210302051,2024-02-27
57116.6395,100755.667506297,51116.625310173,62634.25,11.618326347,744.0,60654.2005991384,2024-02-28
62504.9235,63654.5755,60390.816,61335.7055,6.677049422,510.0,62004.0155700017,2024-02-29
61295.611,63110.2535,61219.93,62079.7935,6.626800627,221.0,61998.4901195568,2024-03-01
62076.62,62344.33,61682.798,61943.201,0.840388591,131.0,62031.3562011778,2024-03-02
61934.7,64265.162,61453.42,63395.746,1.675955527,100.0,62617.1338362145,2024-03-03
